texte,label_type
ADS_JEUX DE 5 GRAND COUTEAU Z30 C13  R PLMC 988JS,PDR
rugosité bendtsen,MP
agent de contrôle de la poix (talc),MP
porosité gurley,MP
ROULEMENT 23030 CCK/W33/C3,PDR
TOLE NOIR 3000X1500X15,PDR
RELAIS THERMIQUE TA200DU 1SAZ421201R1005,PDR
ph de caisse de tête,MP
anti-mousse silicone,MP
acide sulfurique,MP
rugosité bendtsen,MP
COMODO AVANT ET ARRIERE CAT 5T,PDR
ROND EN FONTE DN 200,PDR
acide sulfurique,MP
CONTACTEUR LC1 D 8011,PDR
FEU AVANT 275,PDR
concentration de la pâte (consistance),MP
FLEXIBLE KARTCHER,PDR
"PARAHUILE  85X105X13/9,5",PDR
ECROU ACIER 30,PDR
agent de collage colophane,MP
anti-mousse à base d'huile,MP
prestige cleaning aids ratio (prestige),MP
CORNIERE EN U PERFORE 20/25/20,PDR
Moteur Elec CA Vit_20 rpm_2 B3 usagé,PDR
Accouplement réducteur-raff MAINA GO-6ASC /JC03,PDR
biocide oxydant,MP
ROULEMENT 6007,PDR
indice de déchirement,MP
prestige cleaning aids ratio (prestige),MP
CADENA 30,PDR
Pompe immergé E4XED50E-4/8-V,PDR
température de séchage,MP
rugosité bendtsen,MP
ELEMENT D_ACCOUPLEMENT 48-60,PDR
PARAHUILE 130X160X14,PDR
LAMPE 24/215,PDR
"Tube noir à souder 3/4""",PDR
"CHAINE SIMPLE 25,4",PDR
eau de dilution,MP
azurant optique (oba),MP
COURROIE 17X3387(132B),PDR
DISJ COMPACT SCHNEIDER NSX250H LV 431670,PDR
pâte recyclée (occ),MP
FUSIBLE 22X58  32A,PDR
standard pulp ratio,MP
epaisseur (caliper),MP
PARAHUILE  80X100X10,PDR
RACCORD DROIT 1/8 X 6 A OLIVE,PDR
indice d'éclatement (burst),MP
blancheur iso,MP
fongicide,MP
biocide oxydant,MP
DISTRIBUTEUR PILOTAGE 24 VDC-42V 50HZ,PDR
anti-mousse silicone,MP
ELECTROVANNE MARCHE AV/AR CHARIOT TCM N°8,PDR
"Manomètre de pression DN 50 échelle 0 a 6 bar 1/4""",PDR
CONTACTEUR EH 700,PDR
indice de déchirement,MP
pâte recyclée (occ),MP
pâte désencrée (dip),MP
polymère de rétention cationique,MP
REDUCTEUR CONTRE PRESSE NAOS,PDR
PARAHUILE 15X30X7,PDR
conductivité,MP
BOBINE TELEMECANIQUE REF:PS1E2352B 24 VDC,PDR
agent de collage akd,MP
Alimentation stabilisée 230Vac/48vDc 10A,PDR
BORNIER AB1-VV1035U 10 MM²,PDR
eau de dilution,MP
opacité,MP
TUBE PVC 32,PDR
FUSIBLE  22X58  100A AM,PDR
CONNECTEUR POUR PHOTO CELLULE IFM,PDR
"Rear bearing set M 401762-00(roulem arr raff 42"")",PDR
REPERE CARACTÉRE Z,PDR
krofta polymer ratio,MP
BOBINE CETOP 3 220V AC 50HZ POUR DISTRIB,PDR
starch cationic ratio,MP
azurant optique (oba),MP
rugosité bendtsen,MP
indice d'éclatement (burst),MP
résine de résistance à l'état humide (pae),MP
VIS TH ACIER 16X90,PDR
MOYEU AMOVIBLE 3020 ALESAGE 65(POULIE 240X17),PDR
indice de déchirement,MP
pac,MP
porosité gurley,MP
standard pulp ratio,MP
colorant rouge acide,MP
agent collage asa,MP
FLEXIBLE DN 19 LONG 3000 FF RACC BRZ,PDR
"MAMELON INOX 2"" MM",PDR
Systeme antimarche AMS 200,PDR
pulp ratio,MP
agent collage asa,MP
demande chimique en oxygène (dco),MP
biocide oxydant,MP
PRISE ETANCHE 3P+T 32A,PDR
colorant jaune basique,MP
indice de déchirement,MP
bentonite,MP
agent de collage akd,MP
agent de contrôle de la poix (talc),MP
BOITES ETANCHES APPARENT 180X,PDR
amidon natif de maïs,MP
copes de bois,MP
agent de collage akd,MP
LAMPE  12V 21W,PDR
ROULEMENT YAR 209-2F,PDR
USB-RS485 Interface converter SINEAX DM5S,PDR
COSSE A SERTIRE 4-5,PDR
concentration de la pâte (consistance),MP
Presse HC-LIST X -531958,PDR
size press,MP
bentonite,MP
ROULEMENT NU 313 ECP,PDR
biocide ratio,MP
"PILE 1,5 V  PM",PDR
COFFRET MET. 40X30X225 ETANCHE,PDR
colorant jaune basique,MP
Flexible armée DN 19 noir,PDR
GOUPILLE FENDU EN INOX DN 5X80MM,PDR
fiber ratio,MP
GOUPILLE CYLINDRIQUE 8X20,PDR
pâte désencrée (dip),MP
MOTOPOMPE MULTIETAGE TYPE CRN,PDR
FILTRE HYDRAULIQUE HYDAC 0160DN025BN4HC,PDR
vitesse machine,MP
BAGUE AXE  FUSE  TRACTEUR,PDR
COUPELLE HYDRAULIQUE 85X100X12,PDR
AXE VERIN HYDRAULIQUE TENDEUR TAPIS CLUPACK,PDR
VENTILATEUR POUR ASPIRATEUR PM,PDR
size press,MP
blancheur iso,MP
ECROU ACIER 8/8  8,PDR
anti-mousse à base d'huile,MP
epaisseur (caliper),MP
defoamer 2 (erol),MP
ph de caisse de tête,MP
POMPE IMMERGEE LUBRIFICATION 3352002,PDR
azurant optique (oba),MP
TETE BOUTON POUSSOIR NOIR  ZB2-BA2,PDR
CONTACTEUR 3RT2536-1AP00,PDR
FEU ARRIÉRE ISUZU DMAX,PDR
CORNIERE 30X30X3,PDR
"TUBE INOX 304L 2""",PDR
LAME 5X100X3460 ITEM 16(1035919)PS,PDR
ELECTRO-POMPE HORIZONTALE MONOBLOC FC25-2B,PDR
COURROIE 22X5334/5392  EPURATEUR,PDR
pâte recyclée (occ),MP
dispersant synthétique,MP
ELECTROVANNE 5/3 ISO3 CENTRE FERMEE 24V ASP PM3,PDR
concentration de la pâte (consistance),MP
CARTE 6RA80 C98043-A7100 6RY 1803-0AA00-0AA1,PDR
amidon oxydé,MP
acide sulfurique,MP
defoamer 2 (erol),MP
pulp ratio,MP
RACCORD DROIT RAPIDE venyle 1/2X10,PDR
CLAPET À BATTANT DN:80 PN10/16 REF:14551 B,PDR
FOURCHETTE EMB 10CH,PDR
anti-mousse à base d'huile,MP
biocide non-oxydant,MP
FLEXIBLE   LONG 2870MM,PDR
VIS TETE CREUSE 6 PANS NOIR 8X80,PDR
GAINE THERMORETACTABLE DN22,PDR
fongicide,MP
Moteur Elec CA Vit_11 rpm_3 B3 usagé,PDR
TUBE ETIRE INOX DN 21.3XEP 2.,PDR
defoamer 2 (erol),MP
NECESSAIRE ELECTROVANNE REF:263600,PDR
POMPE CAPRARI MEC A1/65A,PDR
dioxyde de titane (tio2),MP
biocide oxydant,MP
COURROIE 22X6300 PM3_PPE A VIDE L9,PDR
concentration de la pâte (consistance),MP
biocide non-oxydant,MP
COLLIER SERFLEX  11X23,PDR
pac,MP
indice d'éclatement (burst),MP
microparticules de silice,MP
prestige cleaning aids ratio (prestige),MP
flocon pulp ratio,MP
blancheur iso,MP
agent de contrôle de la poix (talc),MP
Jarretière optique LC-LC OM3 Duplex 50/125,PDR
defoamer 1 (afranil),MP
carbonate de calcium (gcc),MP
blancheur iso,MP
opacité,MP
LAMELLE ARS T:168,PDR
biocide ratio,MP
conductivité,MP
TURBINE MEC A3 65A,PDR
"VANNE BRONZE À P D 1""",PDR
anti-mousse silicone,MP
pâte recyclée (occ),MP
soude caustique (naoh),MP
FLEXIBLE  DN:120 RECTF.CLUPACK,PDR
CIRCLIPS EXT Ø 18,PDR
pâte kraft blanchie de résineux (nbsk),MP
IBC-Bus controller D201138,PDR
pâte désencrée (dip),MP
agent de collage colophane,MP
ROND EN BRONZE DN150,PDR
indice de déchirement,MP
chariot à balais à charbons VAHLE SRKA 4/40,PDR
BLOC DE COISILLON REF:7587550600000,PDR
demande chimique en oxygène (dco),MP
BRIDE PLATE À SOUDER Ø 300 E:400,PDR
ROULEMENT 22310 E -C3,PDR
humidité finale,MP
dispersant synthétique,MP
epaisseur (caliper),MP
anti-mousse à base d'huile,MP
REPERE CARACTÉRE B,PDR
PARAHUILE 50X65/ 5/7,PDR
INTERRUPTEUR.INTERPACT.Ins250A,PDR
VIS TETE FRAISE 10X35,PDR
ROULEMENT 7306 BECBP,PDR
flocon pulp ratio,MP
Element d accouplement P100,PDR
FLEXIBLE HYDRAULIQUE 12L LG 760MM 3003159,PDR
GRAISSEURS INOX M10 DROIT,PDR
résine de résistance à l'état humide (pae),MP
TOLE EN ALLUMINIUM 2000X1000X1.5,PDR
PRESSOSTAT REF 1089057554,PDR
colorant bleu direct,MP
colorant rouge acide,MP
kaolin calciné,MP
blancheur iso,MP
PARAHUILE  45X80X10,PDR
PARAHUILE  90X115X13,PDR
Nettoyeur ultrasons industrie,PDR
"INTERCALAIRES D'ADAPTATION DES DISQUES  LAMINÉ 26""",PDR
ROULEMENT 6014 ZZ,PDR
résine de résistance à l'état humide (pae),MP
VANNE À GUILLOTINE DN: 100 reparé,PDR
conductivité,MP
DISTRIBUTEUR REF:4D02 3208 0302 BG10Q,PDR
pâte recyclée (occ),MP
defoamer 2 (erol),MP
ROULEMENT 7317 BECBP,PDR
starch cationic ratio,MP
REPERE CARACTÉRE J,PDR
MARBRE  M1 3750X203X32.4,PDR
VANNE DN:32 À VOLANT EQUERRE 45° EN FONTE,PDR
RACCORD POUR TUBE VINYL  1/4-6,PDR
"PIGNON SIMPLE 21 DENTS PAS:19,05",PDR
colorant rouge acide,MP
ARBRE COMPLET POUR POMPE MEC A3/50A,PDR
CELLULE NOT PNEMAT REF:32,PDR
dispersant synthétique,MP
amidon oxydé,MP
Jarretière optique ST-ST Duplex 50/125,PDR
Bouton Coupe courant LOVOL,PDR
CONTROLEUR DE DEBIT PLAGE MESURE 5-20L/min 3/4G,PDR
anti-mousse silicone,MP
TRIPLITE fiche 3x2P+T,PDR
retention aids ratio,MP
"Mano DN:100 de 0 à 10 b 1/2"" bas",PDR
BLOC AUTONOME D'ÉCLAIRAGE DE SÉCURITÉ,PDR
bentonite,MP
JOINT TSN 518 A,PDR
ECROU DE GOUJON TCM,PDR
pâte recyclée (occ),MP
colorant jaune basique,MP
ROND PLEIN XC48 DN 95,PDR
soude caustique (naoh),MP
humidité finale,MP
fongicide,MP
retention aids ratio,MP
amidon natif de maïs,MP
plaque a souder de fixation t G1,PDR
copes de bois,MP
demande chimique en oxygène (dco),MP
retention aids ratio,MP
résine de résistance à sec,MP
TETE FIN DE COURSE ZC2-JE09,PDR
température de séchage,MP
ph de caisse de tête,MP
ROULEMENT 6330/C3,PDR
71010021 connector of platform (connecteur),PDR
FLEXIBLE THERMORESISTANT EXTRAFLEX-20°A+100° DN228,PDR
FUSIBLE  22X58 100A GI,PDR
température de séchage,MP
pâte kraft blanchie de feuillus (bhkp),MP
"PIGNON SIMPLE 22DENTS PAS:1/2""",PDR
fiber ratio,MP
ph de caisse de tête,MP
HV INVERTER-350 BW BIAS SUPPLY ASSY 05410000,PDR
dispersant synthétique,MP
bentonite,MP
LAME POLY FOIL (5)@2°  63.5x3845,PDR
FILTRE ULTRA-FIN  MS6-LFM-3/8-AR-DA:*W,PDR
ROULEMENT 22315E1,PDR
CLAPET ANTIRETOUR EN BRONZE DN: 20,PDR
"COUDE GRAND RAYON NOIR FF 66X76  2"" 1/2",PDR
ph de caisse de tête,MP
retention aids ratio,MP
FUSIBLE PLAT P.M 30A,PDR
amidon oxydé,MP
conductivité,MP
demande chimique en oxygène (dco),MP
azurant optique (oba),MP
carbonate de calcium (gcc),MP
sulfate d'aluminium (alun),MP
anti-mousse silicone,MP
"Couteau REBO JAGENBERG 150X90X98X1,5",PDR
pâte désencrée (dip),MP
COSSE A SERRETIRE 150/12MM2,PDR
FUSIBLE À COUTEAU 63A T0 AM 500V,PDR
flocon pulp ratio,MP
Moteur Elec CA Vit_06 rpm_1 B5 usagé,PDR
BUTÉE A BILLE SIMPLE EFFET 51105,PDR
pâte mécanique (tmp),MP
PARAHUILE  42X65X10,PDR
DC DRIVE SCANNER TERMINATION ASSY 055331900,PDR
potentiel zeta,MP
"REDUCTION INOX M 1"" F 1/2",PDR
polymère de rétention cationique,MP
indice de déchirement,MP
FUSIBLE 22X58 50A GG,PDR
bague de fond pulpeur screen,PDR
ACCOUPLEMENT SKF PHE 130,PDR
pâte mécanique (tmp),MP
amidon natif de maïs,MP
Rota mètre à flotteur avec vanne à pointeau 1/2,PDR
epaisseur (caliper),MP
Reduction en laiton MF 3/8-1/4,PDR
indice de déchirement,MP
LEVRE CAISSE DE TETE PM3,PDR
ROULEMENT 6302 /QE6,PDR
CHARGEUR CND 15-24NmD REF:1011507,PDR
vitesse machine,MP
résine de résistance à sec,MP
pâte mécanique (tmp),MP
COURROIE 17X4304,PDR
standard pulp ratio,MP
amidon natif de maïs,MP
size press,MP
PARAHUILE 110X140X13,PDR
VANNE PAPILLON INOX DN:300 C,PDR
"Tuyauterie intermediaire epurateur cyclonique 14 1/2""",PDR
vanne à boulle sphérique  à action pneum DN 80 rep,PDR
opacité,MP
BATTERIE 6V 1.2 AH,PDR
Détendeur gaz (20/4) DN 50,PDR
indice de déchirement,MP
POMPE MSLA 50059  BAA S30 RE 02,PDR
sulfate d'aluminium (alun),MP
vitesse machine,MP
microparticules de silice,MP
ROULEMENT 2220 K,PDR
Moteur Elec CA Vit_27 rpm_3 B3 usagé,PDR
indice d'éclatement (burst),MP
température de séchage,MP
standard pulp ratio,MP
ACCOUPLEMENT 01HU00,PDR
FLEXIBLE LONG 2880MM,PDR
concentration de la pâte (consistance),MP
RACLEUR 35X45/5/8,PDR
ph de caisse de tête,MP
BOUCHON ORFS 11/16 PINCE A BOBINE,PDR
BAGUE ENTRETOISE CYLINDRE SECHEUR PM2,PDR
fiber ratio,MP
krofta polymer ratio,MP
Transmetteur de température PT100,PDR
humidité finale,MP
TURBINE POUR POMPE IMMERGEE KCM150 LA+011242N1/DS,PDR
flocon pulp ratio,MP
pulp ratio,MP
POMPE JAPY POUR TRICHLORE,PDR
VIS TETE FRAISE BRONZE 8X35,PDR
conductivité,MP
TURBINE MEC A2/ 50A,PDR
HOUE,PDR
CAPTEUR POUR PONT BASCULE SK30X2000KGS,PDR
grammage cible,MP
soude caustique (naoh),MP
ROULEMENT 22244 CCK W33/C3,PDR
ROULEMENT NUP 304 ETVP2,PDR
Lame ressort pour benne semi scania 410,PDR
"JOINT TORIQUE 259,72X6,99 CIRCUIT DE TETE PM2",PDR
biocide non-oxydant,MP
bentonite,MP
FUSIBLE  10X38  25A GL,PDR
microparticules de silice,MP
VIS TETE FRAISE 6PANS 12X100,PDR
grammage cible,MP
RACCORD UNION INOX 15/21,PDR
KIT ANNEAU INOX LA852369 DN 350,PDR
Kit service 8000h-L90 CK8GD8-1,PDR
opacité,MP
VIS TETE FRAISEE 10X20,PDR
ROULEMENT 23028 CJ/W33,PDR
ECROU INOX M32,PDR
VANNE A B.SPHERIQUE INOX DN50,PDR
Manche en bois pour balais,PDR
pac,MP
température de séchage,MP
Moteur Elec CC Vit14rpm4 B3 usagé,PDR
MOYEU 42 DN  65,PDR
FLEXIBLE INOX LG 800 DN 40 A 2 BRIDE FIXE ET FOLLE,PDR
BRIDE À GORGE PN 25 DN:100,PDR
FLEXIBLE LG1650 DN10 CAT 3T,PDR
demande chimique en oxygène (dco),MP
ELEMENT FILTRANT G25-A00-6-M/,PDR
POMPE A HUILE MPX 06P,PDR
FILTRE A AIR GA 941,PDR
JOINT TSNA 608G,PDR
defoamer 2 (erol),MP
GARNITURE MECA 110  DN 45  QQ VGG,PDR
Vanne masonelon sans positionneur reparé,PDR
ROULEMENT 30307 J2/Q,PDR
ELECTROVANNE PILOTE NF192 JOUCOMATIC,PDR
epaisseur (caliper),MP
anti-mousse à base d'huile,MP
POULIE A 2 GORGES 13MM DN 102MM ALESAGE DN38,PDR
pulp ratio,MP
CINTACT SIGNALI +CONTACT AUXI.GVADO101,PDR
BOBINE  TELEPNEUMA. 24V,PDR
Vanne à boisseau sphérique à brides  DN 65,PDR
Moteur Elec CA Vit_06 rpm_5 B5 usagé,PDR
CONNECTEUR 6ES7 972-0BB42-0XA0 35°,PDR
FLEXIBLE LG 1996 DN 6 FF,PDR
colorant jaune basique,MP
Ventilateur 150x150 220V,PDR
VANNE FONTE  PN 16 DN: 125,PDR
Rouleau revêtu caoutchouc filtre épaississeur ZNW23,PDR
STATOR PP NM008 F-S000038,PDR
GALET KRV 90PPA,PDR
pâte désencrée (dip),MP
Flow plug 1400-w276/5 254625055 (cuiseur),PDR
résine de résistance à l'état humide (pae),MP
VIS TH NOIR 8/8 8X80,PDR
RACLEUR 560 ITEM 49(3005447)PS,PDR
rugosité bendtsen,MP
"RACCORD UNION A SOUDER INOX 1""1/4",PDR
"TE GAL FFF 2""  50X60",PDR
fongicide,MP
ATTACHE MUR DE 7,PDR
flocon pulp ratio,MP
polymère de rétention cationique,MP
DISJONCTEUR MOTEUR GV2 24 À 32A,PDR
bentonite,MP
flocon pulp ratio,MP
pac,MP
microparticules de silice,MP
température de séchage,MP
azurant optique (oba),MP
sulfate d'aluminium (alun),MP
"CARTOUCHE CONIQUE POUR LIQUIDE CYCLONE 11""",PDR
VACUFOIL VF 1-2 3295X67X23,PDR
kaolin calciné,MP
opacité,MP
POMPE CAPRARI MEC A2/65CD REPARÉ,PDR
blancheur iso,MP
Variateur Taille 4 re:590P-53350042-P00-U4V0/S JAG,PDR
size press,MP
sulfate d'aluminium (alun),MP
acide sulfurique,MP
CORPS FIN DE COURSE XC1-AC/126,PDR
PARAHUILE 40X50X7/9.5,PDR
Afficheur tableau de bord CAT 3T,PDR
ROULEMENT 32306 J2,PDR
Té conique Inox 15/21,PDR
TUBE BARGATERRE DN 90X5.4 PN 1,PDR
/=/-24V 4A ASSY 08597900,PDR
dispersant synthétique,MP
ECROU TH M10 GALV,PDR
FLEXIBLE LG 1390 DN16 AVEC DEUX RACCORD DROIT,PDR
ROULEMENT 32212 J2/Q,PDR
colorant rouge acide,MP
biocide oxydant,MP
TAMIS DOUBLE 2N DN:40 POUR FILTRE Y,PDR
concentration de la pâte (consistance),MP
COSSE A SERTIR 185-14,PDR
BOBINE LX1D6 P5 220,PDR
standard pulp ratio,MP
CARTE PHOENIX CONTACT UM-16R-G24/21/9LC/F-S04714,PDR
SOUFFLET SIMPLE T 110 HIGH TEMPERATURE,PDR
VANNE A MEMBRANNE FOXBORO 1_,PDR
carbonate de calcium (gcc),MP
pulp ratio,MP
Flexible Accordéon DN200,PDR
VANNE PVC DN32 PN16,PDR
concentration de la pâte (consistance),MP
MEMBRANNE REF:93525145,PDR
CONE DE REDUCTION INOX 168.3X139,PDR
Variateur vitesse YASKAWA A423097,PDR
Fusible à bouteille M214578 RECTICUR 10A,PDR
colorant rouge acide,MP
TURBINE POUR POMPE MEC A3/80C,PDR
VIS TETE CREUSE 6PANS INOX 20X80,PDR
"THERMOPLONGEUR 2"" H960mm (resistance pour sizer)",PDR
PHARE  ISUZU,PDR
"Rotor à foils GHC2 30 PH 30 PV 746,0X780,0mm",PDR
résine de résistance à sec,MP
résine de résistance à l'état humide (pae),MP
soude caustique (naoh),MP
ECROU FREIN GALVA M6,PDR
PENDARS 41 PERFORES 3 FACES LG 1500(support),PDR
CLAVETTE C50 DE 20X12MM LG:3M,PDR
RELAIS LRD 3361 55 À 70 A,PDR
Bouchon reniflard LAITON 3/8 G,PDR
anti-mousse silicone,MP
kaolin calciné,MP
potentiel zeta,MP
eau de dilution,MP
Raccord union inox 304 L 26/34 M/F,PDR
ECROU KM 27,PDR
VIS DE PRESSION INOX 6X10,PDR
moteur type DW-SG100-0365.800.40,PDR
amidon oxydé,MP
defoamer 2 (erol),MP
agent de collage akd,MP
epaisseur (caliper),MP
polymère de rétention cationique,MP
pâte recyclée (occ),MP
conductivité,MP
Pneu 215/60 R16,PDR
ROULEMENT N 314,PDR
Vis autoperceuse_rondelle  6.3X70,PDR
Bague d'etancheite U65-0226030020 REDUCTEUR PULP 5,PDR
Carte electronic M100 REV B S,PDR
carbonate de calcium (gcc),MP
pâte recyclée (occ),MP
CONTRE COUTEAU R5 120X80X17/15,PDR
BATTERIE 60 AH 540A TOYOTA,PDR
RELAIS THER LRD 16 (9-13A,PDR
PARAHUILE  40X60X10,PDR
FLEXIBLE LONG 4750MM DN6,PDR
defoamer 1 (afranil),MP
"CHAINE TRIPLE 9,525 T (3/8"")",PDR
BORNIER AB1-VV3535U 35 MM²,PDR
ROULEMENT 30211 2RS TAMBOUR TCM FD30 Z4,PDR
starch cationic ratio,MP
LAME MICROABRASIF L452 150.075.A 1.5X75X2972,PDR
FAIN DE COURSE PNEMATHIQUE TELEMEC 803028919,PDR
VIS TH GALVA  8X70,PDR
COUPELLE RS 55X68X6,PDR
CARTE COMMUNICATION REF: 6RX,PDR
biocide ratio,MP
CIRCLIPS INT:160,PDR
Moteur Elec CA Vit_09 rpm_4 B usagé,PDR
opacité,MP
fiber ratio,MP
FLEXIBLE LG:950 DN:12 2-4 GROUPE PM2,PDR
CONTACTEUR 3TB48 0-17A SIEMENSN,PDR
copes de bois,MP
defoamer 2 (erol),MP
krofta polymer ratio,MP
CAPTEUR DE BORD MECANIQUE A AIR  SK 78,PDR
RESSORT TAMIS 16X68X222,PDR
ROULEMENT  204 ZZ,PDR
VIS GALVA 8.8 M20X200,PDR
fongicide,MP
GLACE DE NIVEAU 280X34X17,PDR
"RACCORD UNION INOX DN:30X1"" M",PDR
blancheur iso,MP
FILTRE CONDENSAT DN 65 Reparé,PDR
VIS INOX TETE CREUSE 6 PANS 14X80,PDR
dispersant synthétique,MP
opacité,MP
Moyeu amovible 1610-28 mm,PDR
agent de collage akd,MP
amidon oxydé,MP
vitesse machine,MP
PALIER SE 515,PDR
température de séchage,MP
pâte recyclée (occ),MP
standard pulp ratio,MP
Vérin DN125 ENROULEUSE PM2,PDR
CHEVILLE A GOUJON 16X175,PDR
COURROIE 17X2667/2706,PDR
BOUTON DE PORTE JF,PDR
NAPPE AU METRE POUR CONNECTEURS IDC 20P AWM-20,PDR
amidon natif de maïs,MP
pâte kraft blanchie de résineux (nbsk),MP
pac,MP
OBTURATEUR PARACHOC BERLINGO,PDR
pulp ratio,MP
FER PLAT INOX 40X10 L 6M,PDR
flocon pulp ratio,MP
indice de déchirement,MP
agent de contrôle de la poix (talc),MP
PARAHUILE  28X46X7,PDR
defoamer 1 (afranil),MP
sulfate d'aluminium (alun),MP
agent de collage colophane,MP
DISJONCTEUR 3X6A,PDR
Sabot droite (CC) du règle de bordure table de for,PDR
demande chimique en oxygène (dco),MP
fiber ratio,MP
ECROU INOX 10,PDR
carbonate de calcium (gcc),MP
CONTACT   TCM,PDR
"Vanne sph inox 1""(réparé)",PDR
EMBOUT INOX 1 1/2 FILTEE,PDR
pulp ratio,MP
amidon oxydé,MP
VIS TETE CREUSE 6 PANS NOIR 12X40 8/8,PDR
"coude noir a souder 33/42 1""1",PDR
kaolin calciné,MP
RACCORD COUDE  TUBE VENYL 6 1/8,PDR
krofta polymer ratio,MP
pulp ratio,MP
pâte kraft blanchie de feuillus (bhkp),MP
starch cationic ratio,MP
ROULEMENT  6016,PDR
FIL SOUPLE 1MM BLANC,PDR
defoamer 1 (afranil),MP
microparticules de silice,MP
agent collage asa,MP
PANIER A BARETTES ET A TROUS POUR EPURATEUR UP2,PDR
LX6 FJ 380V,PDR
flocon pulp ratio,MP
defoamer 1 (afranil),MP
ROULEMENT 6003 ZZ,PDR
pâte désencrée (dip),MP
biocide oxydant,MP
fongicide,MP
BAGUES E MARQUAGE FERMEE 5,PDR
anti-mousse silicone,MP
filtre HYDAC 3102343 groupe de filtration presse à sabot,PDR
microparticules de silice,MP
COURROIE 13X 684,PDR
MAGNETIC VALVE,PDR
agent de collage akd,MP
ROULEMENT 2305 ETN9,PDR
opacité,MP
KIT VERIN LA037105,PDR
CONE 74525,PDR
acide sulfurique,MP
anti-mousse à base d'huile,MP
CLAVETTE C45  DE 8X7MM LG:3M,PDR
colorant bleu direct,MP
Moteur a air RM110,PDR
PARAHUILE ESDA 70X58,PDR
agent collage asa,MP
FLEXIBLE LG 800 DN  10 AVEC RACCORD DROIT ET COUDE,PDR
"DETECTEUR DE PROX MK5111 MKT3028BBPKG/G/0,3M/-H/US",PDR
Couteau Bobineuse JAGENB.200X65,PDR
amidon natif de maïs,MP
opacité,MP
ROTULE DROITE MANETTE MARCHE AV/AR,PDR
PALIER CT DE CYLINDRE CLUPACK,PDR
JOINT VRING 450,PDR
POMPE A HUILE FEELER 3T,PDR
PALIER FY 513 M,PDR
VARIATEUR DE VIT 3PH 400V 18.5KW,PDR
DIAB_GRILLE PERFORÉE 3/4 EP 6 27% reparé,PDR
demande chimique en oxygène (dco),MP
FEU DE PLAQUE DE MATRICULE SEMI REMORQUE,PDR
BIELLE REP:1998 POMPE COLLE PM,PDR
JOINT EN V  DN:250,PDR
LAMPE VEUILLEUSE  ET  STOP 12V 21/5W,PDR
sulfate d'aluminium (alun),MP
ROULEMENT 23152 CCK/C4 W33,PDR
BOBINE 3W IP65 120V REF:400125087,PDR
CABLE DVI-D SINGLE LINK 10M,PDR
FLEXIBLE DN 1/4 LG 1050 M/F,PDR
Connecteur droit M12X1 femelle precable,PDR
GOUPILLE FENDUE Ø 4X15,PDR
blancheur iso,MP
Moteur Elec CA Vit_03 rpm_5 B5 usagé,PDR
pâte recyclée (occ),MP
pâte mécanique (tmp),MP
potentiel zeta,MP
"Shaft sleeve, SS304 / IH125-100-315A Pompe à eau",PDR
standard pulp ratio,MP
POMPE MULTICELLULAIRE MSLA 32099 AAA F3 0RP01,PDR
biocide oxydant,MP
azurant optique (oba),MP
résine de résistance à sec,MP
COSSE DE 6,PDR
FLEXIBLE LONG:1630 RACCORD IN,PDR
amidon oxydé,MP
dioxyde de titane (tio2),MP
Contacteur LC1 F330 Sans Bobine,PDR
Shaft Arbre SAK150-125-250,PDR
BUTÉE 51206,PDR
colorant bleu direct,MP
PALIER SNL 611 TG,PDR
biocide ratio,MP
azurant optique (oba),MP
ROULEMENT 2211 2RS1,PDR
fongicide,MP
EMBOUT DE 1.5 MM²,PDR
microparticules de silice,MP
retention aids ratio,MP
PALM CONTROL VALVE-PRESSURE BALANCE-MOD.25600,PDR
vitesse machine,MP
indice d'éclatement (burst),MP
pulp ratio,MP
colorant rouge acide,MP
VIS TH NOIR  8/8 16X70,PDR
copes de bois,MP
résine de résistance à sec,MP
size press,MP
pâte recyclée (occ),MP
concentration de la pâte (consistance),MP
FLEXIBLE INOX SOLUBLISE  L:200À400 MM 15/21,PDR
vitesse machine,MP
eau de dilution,MP
FLEXIBLE DE GRAISSAGE LG3000M,PDR
VIS TH GALVA 16X80,PDR
conductivité,MP
GOUPILLE CYLINDRIQUE 10X40,PDR
sulfate d'aluminium (alun),MP
pâte kraft blanchie de résineux (nbsk),MP
Moteur Elec CA Vit_19 rpm_3 B3,PDR
TE ACIER FORGE ERMETO DN:16X16X16 A BAGUE,PDR
COURROIE 13X1093,PDR
RESSORT 12/10X11X35 PORTE LAME BOB JAG,PDR
epaisseur (caliper),MP
ROULEMENT 22210 CCK/W33,PDR
TUYAU FLEXIBLE DN252 POLYUETHANE,PDR
colorant jaune basique,MP
vitesse machine,MP
krofta polymer ratio,MP
agent de collage akd,MP
résine de résistance à l'état humide (pae),MP
FUSIBLE A COUTEAU T00 100A AM,PDR
VIS TH GALVA 14X90,PDR
soude caustique (naoh),MP
biocide ratio,MP
"COUDE GAL.  FF . 40X49/1""1/2",PDR
colorant rouge acide,MP
PALON A CHAINE ELECTRIQUE CAPACITE 1T,PDR
humidité finale,MP
fongicide,MP
PRISE COURANT ETANCHE  2P+T,PDR
bentonite,MP
BAGUE ELASTIQUE POUR TANSMETTEUR CONS PM2+3,PDR
fongicide,MP
ph de caisse de tête,MP
résine de résistance à sec,MP
ROULEMENT NAV 4074106 TRACTOPELLE LOVOL,PDR
Filtre a tamis taraudé 40/49 en bronze,PDR
Accouplements à lamelles N-ARPEX 159-6 NEN S140,PDR
DEBIMETRE ELECTRO DN 25 AVEC AFFICHEUR 220V,PDR
fongicide,MP
carbonate de calcium (gcc),MP
"ecrou inox 18 filets 1""",PDR
grammage cible,MP
standard pulp ratio,MP
VANNE A VAPEUR DN: 50 PN: 16,PDR
LISTON ASP1 80X55X22 MM,PDR
TUBE INOX A CINTRER 10X1MM,PDR
carbonate de calcium (gcc),MP
starch oxidized ratio,MP
CARDAN  GM  ROULEAU SOUFFLEUR N°2 PM3 (RÉPARÉ),PDR
VIS TH NOIR  8/8 20X100,PDR
PALIER SNV 150,PDR
CABLE ROND UNIPOLAIRE 1X4MM,PDR
concentration de la pâte (consistance),MP
soude caustique (naoh),MP
copes de bois,MP
Ressort garniture UP 2 UV 200,PDR
flocon pulp ratio,MP
BORNIER DE TERRE 16 MM²,PDR
pac,MP
PARAHUILE 125X160X13,PDR
ROND XC48 DN:150,PDR
PARAHUILE 120X150X13,PDR
FILTRE POUR REGULATEUR CONIQUE EN BRONZE,PDR
MEMBRANNE REF:93525152 Ø 100,PDR
COUDE PVC DN:50,PDR
Roulement NU206 EXL,PDR
REFROIDISSEUR D'HUILE PRESSE COPEX,PDR
agent collage asa,MP
TUBE GALVANISE  3/4,PDR
VIS TETE CREUSE 6 PANS NOIR 12X60,PDR
FLEXIBLE 3/8 LG: 1000,PDR
DISJONCTEUR 2X16 A,PDR
VIS A TETE SIX PANS CREUX M20X40,PDR
MODULE EXTENTION 16E 221-1BH22-0XA0,PDR
conductivité,MP
Contacteur ABB réf AF96-30-00-13,PDR
bentonite,MP
FILTRE A HUILE BOITE VITESSE3T,PDR
size press,MP
PISTON NIP D180 ITEM 10 (675895)PS,PDR
ROULEMENT YAR 213 2F,PDR
Distributeur a levier 5/3,PDR
starch cationic ratio,MP
pression des presses,MP
fiber ratio,MP
KIT FILTRE A AIR 2901077600 GA 75,PDR
ELEMENT AIR'OIL SEP'TOR COMPRESSEUR L90,PDR
BOBINE 110V 50/60HZ,PDR
PALIER SCHB 2-0,PDR
RELAIS LR1-D40355  30 À 40 A,PDR
DISJONCTEUR NSX MICROLO 2.3 630A 4P 50KA LV4-32894,PDR
VANNE DE GRATTAGE PR INDICATEUR HUILE SAFEFLOW,PDR
RACCORD DN:16X16 DOUBLE CLOISON,PDR
résine de résistance à l'état humide (pae),MP
pulp ratio,MP
colorant bleu direct,MP
grammage cible,MP
microparticules de silice,MP
FLEXIBLE LG=750MM 1PRESSE,PDR
SIMATIC HMI TP1200 REF 6AV2124-0MC01-0AX0 JAG,PDR
colorant rouge acide,MP
krofta polymer ratio,MP
ACTIVE LINE MODULE 6SL3130-7TE31-2AA3,PDR
grammage cible,MP
colorant jaune basique,MP
VIS TH NOIR 8/8 14X50,PDR
Raccord union inox 304 L 20/27 FF,PDR
COURROIE 17X1168,PDR
COUPELLE APPUI  DN:15,PDR
SIMATIC ET200SP 6ES7155-6AA01-0BN0 JAG,PDR
pâte kraft blanchie de résineux (nbsk),MP
EBAUCHE CREUSE XC48 110X60,PDR
COURROIE TRAPEZOIDALE 13X1675,PDR
azurant optique (oba),MP
BLOC DE CONTACT AUXIL LAD T4,PDR
grammage cible,MP
TUBE ACIER ETIREE DN100 LG 6M,PDR
Bride plat inox dn 100,PDR
JEUX DE BAGUE D'ETANCHETÉ POUR VERIN PEN DN 50,PDR
colorant jaune basique,MP
TUBE GALV DN12 LG 6M,PDR
indice de déchirement,MP
ph de caisse de tête,MP
pulp ratio,MP
starch cationic ratio,MP
TÉ EN ACIER ZINGUE AVEC RACC TOURNANT DN:28,PDR
TUBE CARREE 40X40X4,PDR
"Couteau Bob JAGENB 180X70X2,5 affuté(NOUVEAU)",PDR
ROULEMENT 6204 ZZ/C3,PDR
ROULEMENT 22224 E C3,PDR
STATOR 2500J30 CR NOIR R1 P1,PDR
GARNITURE DE FERIN DE LERVGE REF:09478684,PDR
polymère de rétention cationique,MP
starch cationic ratio,MP
BUTÉE 52314,PDR
VIS TH 6X10 INOX,PDR
humidité finale,MP
opacité,MP
porosité gurley,MP
potentiel zeta,MP
fusible BUS-355MMT JAG,PDR
Coupling Accouplement SGZ125-400.S.SD.A,PDR
Moteur Elec CA Vit_05 rpm_4 B usagé,PDR
pression des presses,MP
krofta polymer ratio,MP
VANNE PNEU A PELLE TRAVERSANT INOX D.E DN 200,PDR
starch cationic ratio,MP
retention aids ratio,MP
ROULEMENT QJ 307,PDR
FUSIBLE 5SE1 310 10A GR,PDR
Maître-cylindre de chariot élévateur CPCD30,PDR
Set jeu de montage acier galva pour brides,PDR
pâte kraft blanchie de feuillus (bhkp),MP
VIS PARKAIR 5.5X25,PDR
pulp ratio,MP
epaisseur (caliper),MP
acide sulfurique,MP
GARNITURE FESTO 204218 10ST DN:50,PDR
flocon pulp ratio,MP
VERIN TPR407-R1/10 CORSA 490 ASP PM3,PDR
FLEXIBLE DN: 32; LG: 470MM 2-4 GROUPE PM2,PDR
FUSIBLE PLAT P.M 25A,PDR
température de séchage,MP
colorant jaune basique,MP
Cable plat 8x2.5mm² H07VVH6-F 8G 2.5mm²,PDR
résine de résistance à sec,MP
COURROIE 22X1026,PDR
TOLE INOX 1500X3000X4MM,PDR
"Tete d'entrée epurateur cyclonique 17""",PDR
CHARGEUR DE BATTERIE - CHAUVIN ARNOUX,PDR
"RELAIS THER LRD 12 (5,5 À 8 A)",PDR
COUPELLE EN PU ERS 70X85X12,PDR
agent de collage colophane,MP
ENSEMBLE MEMBRANE D68 PTFE P25 PPE DOSEUSE 120L/H,PDR
BTE CLAPET ASP D20 U 1UP  PR6027,PDR
CARTE 6RA80-A7105-L1 6RY 1803-0DA01,PDR
CABLE ACIER ANTIGIRATOIRE  Ø 6,PDR
PROFIBUS-DP-CARTE D'INTERFACE PCI D200576,PDR
pâte kraft blanchie de résineux (nbsk),MP
VANNE À GUILLOTINE DN: 125,PDR
pâte désencrée (dip),MP
VIS TH GALVA  8X90,PDR
ECROU KM 15,PDR
TETE DE GRAISSAGE RONDE,PDR
ECROUE AR 860 FERMEC,PDR
Moteur Elec CC Vit29rpm3 B3 usagé,PDR
size press,MP
DEMARREUR PROGRESSIF ABB 18.5KW PSR37-600-11,PDR
humidité finale,MP
indice d'éclatement (burst),MP
EAM 30X43X20,PDR
fiber ratio,MP
FUSIBLE 22X58 50A AR,PDR
acide sulfurique,MP
humidité finale,MP
demande chimique en oxygène (dco),MP
"PIGNON SIMPLE 20 DENTS PAS:15,875",PDR
bentonite,MP
ROULEMENT 3217 A,PDR
anti-mousse à base d'huile,MP
colorant rouge acide,MP
CIRCLIPS EXT Ø 20,PDR
ELECTROVANNE CH.3/2 L90-ZS1133744 ZS1165102,PDR
"PIGNON DOUBLE 15 DENTS PAS:12,7 3/4",PDR
prestige cleaning aids ratio (prestige),MP
kaolin calciné,MP
RACCORD UNION VENYLE 6X6,PDR
FILTRE POUR VENTILATEUR MOTEURS A CC,PDR
acide sulfurique,MP
ROULEMENT 6312 C3,PDR
pression des presses,MP
RELAIS RXG23E7,PDR
eau de dilution,MP
retention aids ratio,MP
VIS TETE CREUSE 6 PANS NOIR 18X80,PDR
Courroie 17x6477 B255 POMPE A VIDE,PDR
KIT INVERSEUR LA D9 R1V,PDR
ph de caisse de tête,MP
agent collage asa,MP
TRANSMETEUR DE PRESSION INTELLIGENT 143DP.1CSSV1P2,PDR
ROULEMENT 6211 ZZ,PDR
TUBE INOX DN 450 LG 6M,PDR
POULIE 6 GORGE DN 250X22,PDR
OSCILLATEUR ELECTRO MECANIQUE EMO III A.E.S D32087,PDR
indice d'éclatement (burst),MP
CONNECTEUR TAILLE 30 REF 8812,PDR
indice de déchirement,MP
RONDELLE PLAT INOX 8,PDR
pac,MP
agent collage asa,MP
starch cationic ratio,MP
BOITE CLAPET REFOULEMENT,PDR
COUDE INOX 90° 304L 20/27 3/4,PDR
PARAHUILE 145X180X13,PDR
blancheur iso,MP
biocide oxydant,MP
RONDELLE GROWER Ø 22,PDR
BUTEE 29428/140 3E,PDR
PARAHUILE  80X105X10,PDR
colorant jaune basique,MP
defoamer 1 (afranil),MP
CHEMIN DE CABLE 515X60,PDR
MANCHON AH 3132/150,PDR
pâte désencrée (dip),MP
TE SO 3021 10/12  (12X12X12),PDR
indice d'éclatement (burst),MP
blancheur iso,MP
biocide non-oxydant,MP
flocon pulp ratio,MP
biocide non-oxydant,MP
FIL RIGDE V/J-ROUGE-BLEU 2.5,PDR
Filtre Y inox montage à bride DN40 PN10 DEBIT 15m3,PDR
ph de caisse de tête,MP
pâte kraft blanchie de résineux (nbsk),MP
colorant bleu direct,MP
grammage cible,MP
ALTERNATEUR TR 290,PDR
dioxyde de titane (tio2),MP
DESSUS DE CAISSE ASPIRANTE 1ERE PRESSE 3995X43X25,PDR
opacité,MP
COUDE CUIVRE ROUGE 14/16,PDR
TUBE GALVANISE  1/2,PDR
agent de contrôle de la poix (talc),MP
MOYEU 9090 DN  65,PDR
eau de dilution,MP
TUBE POLYAMIDE SPECIAL POUR DOSAGE,PDR
pâte mécanique (tmp),MP
TUBE RECTANGULAIRE 160X80X4,PDR
ECROU HMV 40,PDR
"VERIN DOUBLE EFFET Ø 50 1/4"" COURSE 80",PDR
Impeller turbine SGZ125-265 ALIM MELANGEUSE,PDR
COURROIE 10X1650,PDR
Necessaire de verin ROULEAU E,PDR
GOUPILLE FENDU EN INOX DN 5X45MM,PDR
Pompe a rotor monobloc debit,PDR
JEUX DE GARNITURE COMP POUR VERIN HUDR DN50 38X30,PDR
BLOC AUX .DISJ.MOT GVAE11,PDR
agent de contrôle de la poix (talc),MP
PIGNON Z21,PDR
dioxyde de titane (tio2),MP
FUSIBLE T3 630A GL,PDR
BANDE GRAIN  36,PDR
porosité gurley,MP
KIT POUR VERIN REXROTH CDT3-100/056S,PDR
VIS DE PRESSION 10X30,PDR
conductivité,MP
RELAIS THERMIQUE LRD 4365(80...104A),PDR
biocide non-oxydant,MP
PNEU TRACTEUR 16.9X30,PDR
biocide ratio,MP
Moteur Elec CA Vit_03 rpm_2 B5 usagé,PDR
PARAHUILE  100X130X12,PDR
humidité finale,MP
pâte désencrée (dip),MP
Moteur Elec CA Vit_11 rpm_2 B3 usagé,PDR
SERRE CABLE Ø 8,PDR
ROULEMENT NUP 213 ECP,PDR
VENTILATEUR 90V D:24,PDR
retention aids ratio,MP
agent de collage colophane,MP
résine de résistance à l'état humide (pae),MP
VIS TETE CREUSE 6 PANS NOIR 5X40,PDR
eau de dilution,MP
COURROIE 17X4000,PDR
fongicide,MP
VANNE  IONX A BOULE SPHERIQUE 3/4,PDR
TAMPON  ACCOUPLEMENT  J,PDR
Compteur volumétrique type 405 DN 25 PN16,PDR
anti-mousse silicone,MP
CHEMIN DE CABLE 100X60,PDR
FLEXIBLE HYDRAULIQUE 3003139,PDR
retention aids ratio,MP
biocide non-oxydant,MP
indice de déchirement,MP
JOINT POUR RACCORD EXPRESSE,PDR
pâte kraft blanchie de feuillus (bhkp),MP
Moteur Elec CA Vit_06 rpm_4 B usagé,PDR
RONDELLE FREIN MB  6,PDR
biocide oxydant,MP
fiber ratio,MP
RACCORD POUR MANO DE GONFLAGE ASTURO,PDR
Mano inox DN 100 droit 0-1000 mbar G 1/2,PDR
biocide non-oxydant,MP
amidon natif de maïs,MP
FLEXIBLE NW16 L=573 HF REF: ZS1171414,PDR
krofta polymer ratio,MP
agent de collage akd,MP
grammage cible,MP
epaisseur (caliper),MP
VALVE JET DN25 COMPLETE TEK 1400-W298-1A (cuiseur),PDR
pâte recyclée (occ),MP
POULIE 8 G DN:410 (KAKATI),PDR
potentiel zeta,MP
indice d'éclatement (burst),MP
COURROIE 22X3250,PDR
blancheur iso,MP
defoamer 1 (afranil),MP
FLEXIBLE LONG 2140 DN 6 FF,PDR
ROULEMENT BOITE DE DIRECTION TRACTEUR 290,PDR
agent de contrôle de la poix (talc),MP
pression des presses,MP
chemin de câble tôle 50x30,PDR
ROULEMENT 23024 CC/W33 C3,PDR
Détendeur Gaz 3 bars-300 mbars DN 80,PDR
VANNE 3 VOIES DN:100  PÂTE,PDR
MANCHON 3/8 LAITON,PDR
TRIANGLE ISUZU,PDR
Single mechanical seal size 40 MG1-G60/Q1Q1EGG,PDR
FUSIBLE A COUTEAU T3 315A AM,PDR
ROULEMENT 63003 2RS,PDR
FUSIBLE A COUTEAUX T00 125A AM SIEMENS,PDR
VIS 6 PANS GALVA 5X60,PDR
VANNE PNEU.LOHSE (RÉPARÉ),PDR
carbonate de calcium (gcc),MP
"Coude noir à souder  80X88,9",PDR
concentration de la pâte (consistance),MP
BOITE A CLAPET ASPIRATION U PR6 PPE DOSEUSE 120L/H,PDR
VIS TETE CREUSE 6 PANS NOIR 16X25,PDR
carbonate de calcium (gcc),MP
TOLE PERFOREE 2000X1000 TROUS: 20MM EP: 2MM,PDR
FILTRE SEPARATEUR SC124 SCANIA 410,PDR
résine de résistance à l'état humide (pae),MP
CLAPET LOFD XDN,PDR
indice d'éclatement (burst),MP
ROTULE NUKR 72 H,PDR
agent collage asa,MP
CONTROLEUR DE NIVEAU MAGNETIQUE 300mm,PDR
size press,MP
bentonite,MP
COSSE À BRIDE  120 MM2,PDR
pression des presses,MP
pâte recyclée (occ),MP
ECROU INOX Ø 12,PDR
opacité,MP
kaolin calciné,MP
Tôle en alluminium 3000X1500X1.5,PDR
amidon oxydé,MP
carbonate de calcium (gcc),MP
"GALET  GUFTD 1""",PDR
COURROIE SPA 13X1030,PDR
concentration de la pâte (consistance),MP
FER EN U 120,PDR
RONDELLE EVENTAILLE 27,PDR
opacité,MP
amidon natif de maïs,MP
biocide oxydant,MP
polymère de rétention cationique,MP
TIRFON M8X70,PDR
azurant optique (oba),MP
Pompe a Rotor Excentré 13M12S,PDR
FLEXIBLE HYDRAULIQUE 12L LG 850MM 3003156,PDR
humidité finale,MP
BLOC SECOURS LED 70Im 1hH lP42/lK07,PDR
carbonate de calcium (gcc),MP
DOUILLE DE SECURITE REP: 5115 POMPE AMIDON,PDR
BOITE MAGIQUE 160X130X70,PDR
MBM80-IPSP/IBC D201784,PDR
CLAVETTE C47 12X8MM LG:3M,PDR
Roulement 22213 ESK,PDR
PARAHUILE  64X80X8,PDR
VANNE 3 VOIES PN 10 DN: 100,PDR
biocide non-oxydant,MP
ROULEMENT 22215 CC/W33,PDR
REDUCTEUR 0.37KW  230/400V,PDR
pulp ratio,MP
CRAYONS RAINUREES V40 PM2,PDR
COLLIER STAUFF DE  22,PDR
agent collage asa,MP
colorant rouge acide,MP
COURROIE 13X2540,PDR
agent de contrôle de la poix (talc),MP
standard pulp ratio,MP
agent de contrôle de la poix (talc),MP
OVERLOARD DEVICE TYPE DSETO 2500KG PODEM,PDR
starch cationic ratio,MP
JOINT MECANIQUE 1111(POMPE A LAIT),PDR
grammage cible,MP
DISQUE FLAMME 308/98 EN ACIER REFRACTAIR,PDR
MEGHOMETRE CHAUVIN REF: 6525,PDR
BATTERIE PRM10,PDR
kaolin calciné,MP
grammage cible,MP
size press,MP
pression des presses,MP
dioxyde de titane (tio2),MP
blancheur iso,MP
Moteur Elec CA Vit_09 rpm_2 B3 usagé,PDR
VIS TETE CREUSE 6 PANS NOIR 14X60,PDR
Kit joints verin deuxieme enroulage enrouleuse PM3,PDR
résine de résistance à sec,MP
pâte recyclée (occ),MP
anti-mousse à base d'huile,MP
pulp ratio,MP
potentiel zeta,MP
ROULEMENT 10 NBC 1620 YZBT,PDR
standard pulp ratio,MP
amidon natif de maïs,MP
copes de bois,MP
CIRCLIPS EXT 52X2,PDR
BUSE A JET RECTILIGNE 27149-0002-316L,PDR
CHAINE PULPER 1 PAS 250 MM,PDR
sulfate d'aluminium (alun),MP
CARTOUCHE FILTRE A HUILE G410 SCANIA,PDR
defoamer 2 (erol),MP
CONTROLEUR DE NIVEAU MAGNETIQUE 200mm,PDR
opacité,MP
BRIDE À GORGE PN 16 DN:125,PDR
anti-mousse à base d'huile,MP
"Shaft sleeve, SS304 / Agitateur GLM-MZJ1250",PDR
VIS INOX TF 6 PANS  6X20,PDR
dispersant synthétique,MP
pâte kraft blanchie de résineux (nbsk),MP
dioxyde de titane (tio2),MP
colorant bleu direct,MP
agent de collage colophane,MP
anti-mousse silicone,MP
ROTULE VAL0021275 GE20TRG REP:,PDR
ROULEMENT NU 2218 ECJ/E-TVP2,PDR
acide sulfurique,MP
ROULEMENT 23136 CK,PDR
FILTRE POMPE TRACTEUR 275,PDR
SERRE CABLE Ø 12,PDR
Cartouche de filtre(filtration)N5DM010,PDR
biocide ratio,MP
MANOMÉTRE DN 100 RAC 1/2' 0À100BAR,PDR
krofta polymer ratio,MP
CARTE 6RA80 C98043-A7115-L12 6RY 1803-0CA04,PDR
azurant optique (oba),MP
GOUPILLE 40995-031,PDR
PIGNON DOUBELE 3/8 Z:32,PDR
DETECTEUR DE BORD,PDR
agent de collage colophane,MP
azurant optique (oba),MP
COURROIE 32X6300  PM2-PPE À VIDE,PDR
ROULEMENT 23034 CK/C4,PDR
POCHETTE DE JOINT FILTRE PC61,PDR
demande chimique en oxygène (dco),MP
dispersant synthétique,MP
COSSE A SERRETIR 6/8,PDR
flocon pulp ratio,MP
ECROU ACIER 20,PDR
size press,MP
potentiel zeta,MP
soude caustique (naoh),MP
size press,MP
ROULEMENT 21310 CCK,PDR
"MANCHON TUBE BARGATERRE 63 2""",PDR
ph de caisse de tête,MP
kaolin calciné,MP
retention aids ratio,MP
pâte kraft blanchie de feuillus (bhkp),MP
résine de résistance à l'état humide (pae),MP
RONDELLE FREIN MB  2,PDR
Vis TH galva 12X40,PDR
TRANSMETTEUR DE PRE.DIFFE.0-1 calibré à 0–1000 mbar,PDR
rugosité bendtsen,MP
porosité gurley,MP
conductivité,MP
agent de contrôle de la poix (talc),MP
kaolin calciné,MP
size press,MP
PRESSOSTAT G1/4 EN INOX 1+10 BAR 6A /250 V AC IN.06.0013,PDR
DISJONCTEUR MOTEUR GV2-M04,PDR
epaisseur (caliper),MP
ACCESSOIRES 20238-008 GUIDE TOILE  ET  FEUTRES,PDR
JOINT PLAT 92X75X5,PDR
agent de collage akd,MP
résine de résistance à sec,MP
prestige cleaning aids ratio (prestige),MP
pâte kraft blanchie de résineux (nbsk),MP
microparticules de silice,MP
amidon oxydé,MP
PARAHUILE  90X130X12,PDR
ROULEMENT 608 ZZ,PDR
pâte kraft blanchie de résineux (nbsk),MP
defoamer 1 (afranil),MP
SPIRAL B TEK 1400-W313 DN 50 (cuiseur amidon),PDR
pâte mécanique (tmp),MP
fiber ratio,MP
"TUBE INOX 304L 12""",PDR
eau de dilution,MP
defoamer 1 (afranil),MP
"MANO Ø 150 DE 0 À -1 B 1/2"" BAS POUR VIDE",PDR
anti-mousse à base d'huile,MP
pâte mécanique (tmp),MP
microparticules de silice,MP
Bague de tol X212022,PDR
COURROIE 17X2180/2148,PDR
vanne à pelle traversant LHOSE DN150 inox,PDR
GALET 1125-1 CG,PDR
température de séchage,MP
ECROU EN BRONZE :12,PDR
"Mechanical seal, alloy /IH125-100-315A Pompe à eau",PDR
polymère de rétention cationique,MP
anti-mousse à base d'huile,MP
ECROU KM 18,PDR
colorant jaune basique,MP
fiber ratio,MP
MANCHON H 2315,PDR
prestige cleaning aids ratio (prestige),MP
eau de dilution,MP
JOINT TORIQUE 48.9X2.62,PDR
eau de dilution,MP
FUSIBLE A COUTEAU T2 250A AM,PDR
MAYEAU VIERGE A DENTURE POUR ACCOUP T 270,PDR
bentonite,MP
Tige Filetée de   27,PDR
PARAHUILE  52X75X12,PDR
"Joint torique Ø109,1X5,7 PPE MELANGEUSE PM3",PDR
FLEXIBLE G1/2 LG 2.8M 100R1 ITEM 24(3003338)PS,PDR
eau de dilution,MP
epaisseur (caliper),MP
Impeller turbine SK150-400 vers depurgeur pulper1,PDR
résine de résistance à l'état humide (pae),MP
colorant rouge acide,MP
porosité gurley,MP
BOITE CLAPET D8 REF: PR 6022 A 000,PDR
colorant jaune basique,MP
FIN DE COURSE PNEMATHIQUE REF:S/666E/8 DE1/8,PDR
FILTRE A AIR EXT SC410 SCANIA,PDR
BOBINE LX1 D4 24V,PDR
GAINE 2.6I10 REF19673 179,PDR
dispersant synthétique,MP
PARAHUILE 26X40X6,PDR
ROULEMENT 7316 BEP,PDR
GALET CJTZ 04,PDR
BLOC DE CONTACT AUX.VZ7,PDR
vitesse machine,MP
CARTE DE SORTIE UM-32RM/RT-G24/21/PLC 2968373,PDR
COSSE A SERTIRE 2.5/6,PDR
MANO TEMPERATURE HYSTER,PDR
BUTÉE D'EMBRAYAGE ISUZU,PDR
Cone de reduction de 133 à 114.3,PDR
TAMIS INOX PN25/40 Ø 80 POUR FILTRE Y,PDR
FLEXIBLE LG 1030 INOX 10(embout lisse dn12 inox),PDR
microparticules de silice,MP
colorant bleu direct,MP
COUDE NOIR À SOUDER  300X323,PDR
rugosité bendtsen,MP
colorant jaune basique,MP
PRISE REMORQUE,PDR
pac,MP
pâte kraft blanchie de résineux (nbsk),MP
defoamer 1 (afranil),MP
azurant optique (oba),MP
starch cationic ratio,MP
soude caustique (naoh),MP
PARAHUILE  34X52X7,PDR
agent de collage colophane,MP
krofta polymer ratio,MP
VIS INOX TETE CREUSE 6 PANS 10X50,PDR
defoamer 1 (afranil),MP
JEU DE TURBINES POUR POMPE CAPRARI MEC MR40/2A,PDR
résine de résistance à l'état humide (pae),MP
anti-mousse silicone,MP
ROULEMENT 21315 CCK/W33,PDR
polymère de rétention cationique,MP
pulp ratio,MP
ACIER 42 CD4 DN: 20,PDR
indice de déchirement,MP
eau de dilution,MP
Metso ACN SR1 &sd card IQSelectD201755L,PDR
Pompe de cabine P380,PDR
FILTRE À GASOIL 55800 KOMATSU,PDR
indice de déchirement,MP
AXE VERIN CHROME DN: 30 MM,PDR
ROULEMENT SA 1-12 B,PDR
"TUBE INOX 304L 1""1/4",PDR
Stabilisateur de tension KEBO TDR-1000VA 230V,PDR
ROULEMENT 2202 E2RS,PDR
conductivité,MP
sulfate d'aluminium (alun),MP
pâte kraft blanchie de feuillus (bhkp),MP
FLEXIBLE LG 730 INOX 10(embout lisse dn12 inox),PDR
acide sulfurique,MP
"VIS POUR DISQUE RAFFINEUR 42""",PDR
pâte kraft blanchie de feuillus (bhkp),MP
Cartouche de filtration 0990 D005 BH4HC,PDR
TOLE NOIR 3000X1500X40,PDR
JEUX DE PIGNONS POUR PPE A VIDE HIBON HHLV-280.,PDR
colorant bleu direct,MP
FILTRE GAZOIL GF 282,PDR
acide sulfurique,MP
dioxyde de titane (tio2),MP
PARAHUILE  55X72X10,PDR
FLEXIBLE LG 1050MM  DN 1/2 FF,PDR
standard pulp ratio,MP
TOLE NOIR 2000X1000X 40MM,PDR
polymère de rétention cationique,MP
ELECTROVANNE 230V ZS1057786,PDR
ROULEMENT 1616,PDR
polymère de rétention cationique,MP
EDGE DETECTOR ASSY 05416000,PDR
TÉ EN LAITON SECTO DN:14X14X14,PDR
copes de bois,MP
dioxyde de titane (tio2),MP
biocide oxydant,MP
ph de caisse de tête,MP
pâte kraft blanchie de résineux (nbsk),MP
porosité gurley,MP
blancheur iso,MP
RÉDUCTION PVC 160/315,PDR
"COUPLEUR INOX 1"" FF AVEC CLAPET",PDR
defoamer 1 (afranil),MP
pac,MP
agent de contrôle de la poix (talc),MP
biocide ratio,MP
biocide non-oxydant,MP
humidité finale,MP
Débitmètre a engrenage KZA-1816R10S3,PDR
TENDEUR GAUCHE DROIT DN18,PDR
soude caustique (naoh),MP
MANOMETRE DN:100 -1 À 0B 1/2 BAS,PDR
FILTRE A HUILE SOFIMA TYPE:FAM045MSB7M,PDR
pac,MP
pression des presses,MP
agent de collage akd,MP
MEMBRANE JOCOMATIC REF:9760048,PDR
microparticules de silice,MP
POMPE CAPRARI MEC MR40/3A,PDR
copes de bois,MP
Coupleur MF DN1/2,PDR
COUDE PVC Ø 160/45,PDR
vitesse machine,MP
MEMBRANE 1BE 218 REGULATEUR TENTION FEUILLE,PDR
demande chimique en oxygène (dco),MP
flocon pulp ratio,MP
CONTROLEUR DE NIVEAU TRIMOD BESTA MO 104,PDR
prestige cleaning aids ratio (prestige),MP
conductivité,MP
microparticules de silice,MP
bentonite,MP
"Membrane detendeur amidon FF SS 301 190X0,1",PDR
Moteur rinceur HP Oscillant Lantier ML 63 DM BT F,PDR
VANNE PAPILLON hl DN100D Z011A+ESPU STATION GAW,PDR
krofta polymer ratio,MP
CHEVILLE MÉTALLIQUE HSL Ø 20/30,PDR
Roulement 22311 EK C3,PDR
GUIDE FEUTRE MINI SLALOM reparé,PDR
accouplement a denture brock,PDR
pression des presses,MP
humidité finale,MP
eau de dilution,MP
température de séchage,MP
COURROIE 10X1400  Z54,PDR
size press,MP
Moteur Elec CC Vit18rpm3 B3 usagé,PDR
VIS TETE CREUSE 6 PANS NOIR 4X20,PDR
conductivité,MP
Poulie 2 GORGE SPA 224mm MX2517,PDR
demande chimique en oxygène (dco),MP
agent de collage colophane,MP
PIGNON SIMPLE 23 DENTS  PAS: 25.4,PDR
COURROIE 32X8383,PDR
epaisseur (caliper),MP
CHAMBRE A AIR 1000X20,PDR
dispersant synthétique,MP
ROULEMENT 6002 2Z C3,PDR
VANNE A VAPEUR DN:20,PDR
agent de collage colophane,MP
grammage cible,MP
JOINT ASPIREURE 220A PERFORÉ NITRILE (M-602127),PDR
Vis TH acier 16X120,PDR
agent collage asa,MP
FLEXIBLE S/M LG 2900MM,PDR
Courroie plate crantée 560XH LARG.50MM,PDR
COURROIE 22X4413,PDR
"MANCHON INOX FF 1"" 1/4",PDR
anti-mousse silicone,MP
ROULEMENT 23156 CCK,PDR
pâte kraft blanchie de résineux (nbsk),MP
FLEXIBLE 1600 MM,PDR
JOINT TORIQUE 25X20X25,PDR
microparticules de silice,MP
Vanne sph inox DN:50 PN64,PDR
INDUCTANCE MOTEUR 9A 6SL3000-2BE21-0AA0,PDR
CONTACTEUR LC1 D40A P7 230V,PDR
LAME MASSICCOT PERFECTA 115 AF,PDR
agent de collage akd,MP
vitesse machine,MP
PARAHUILE U5X65X85,PDR
JEUX CHEMISE PISTON(tracteur 275),PDR
température de séchage,MP
standard pulp ratio,MP
PARAHUILE 72X100X10,PDR
vitesse machine,MP
ADS_ JEUX DE 4 COUTEAUX  APPARIE 316L,PDR
pâte kraft blanchie de feuillus (bhkp),MP
HUILE ROTO-INJEC,PDR
porosité gurley,MP
ROULEMENT 7313 BECBP,PDR
REDUC A SOUDER INOX 200/150,PDR
dioxyde de titane (tio2),MP
azurant optique (oba),MP
Disjoncteur ABB 630A réf T5H 630 PR221DS-I,PDR
carbonate de calcium (gcc),MP
JOINT TSN 611,PDR
TE VENYLE 4X4X1/8,PDR
VIS TETE CREUSE 6 PANS NOIR 10X70,PDR
IND.CONTROLEUR DEBIT DN:50 30-250M3/H,PDR
COUTEAU PLAT  155X73X5 TYPE CFD,PDR
flexible lg510 inox dn40 brid,PDR
Moteur Elec CA Vit_24 rpm_3 B usagé,PDR
"moteur 18.5kw, 3000trs/min B3",PDR
prestige cleaning aids ratio (prestige),MP
copes de bois,MP
agent collage asa,MP
flocon pulp ratio,MP
grammage cible,MP
pac,MP
DISJONCTEUR NS 160 N,PDR
colorant rouge acide,MP
porosité gurley,MP
soude caustique (naoh),MP
ROULEMENT 7206 BECBP,PDR
defoamer 2 (erol),MP
ROULEMENT 6318 ZZ/ C3,PDR
COLLIER SERFLEX 38X58,PDR
ROULEMENT 1219,PDR
dispersant synthétique,MP
kaolin calciné,MP
potentiel zeta,MP
vitesse machine,MP
anti-mousse silicone,MP
biocide non-oxydant,MP
bentonite,MP
Pompe volumetrique Sydex 0201L012,PDR
COUPELLE PN-P EVDEM 100X88/8.5,PDR
krofta polymer ratio,MP
ECROU POUR ROUE (CHARIOT ELEVATEUR CATERPILAR),PDR
VIS EN BRONZE  T.F. 10X40,PDR
FILTRE INOX  AMIDON,PDR
"LIMITEUR DE PRESSION 1/2"" C LUPAK",PDR
ECROU KM 16,PDR
rugosité bendtsen,MP
dispersant synthétique,MP
MANCHON HYDRAULIQUE 3/4 20/27,PDR
"MANO DN 150 DE 0 À 100 MMCE 1/2"" BAS",PDR
conductivité,MP
copes de bois,MP
colorant jaune basique,MP
polymère de rétention cationique,MP
SERRURE ELECTRIQUE,PDR
SERVO A MEMBRANE POUR TENDEUR VAP DN:65+2RAC U,PDR
standard pulp ratio,MP
JOINT 113.67X6.93,PDR
LAMELLE ARS T: 320,PDR
Moteur Elec CA Vit_10 rpm_4 B3 usagé,PDR
TAMBOUR DE FREIN AR SCANIA,PDR
FLEXIBLE LONG 400 DN 5/6,PDR
RELAIS THER LRD 14 (7 À 10A),PDR
"CONNECT.FRONT  CARTES DE SIGN.CONTACTS A VIS, 48P",PDR
VERIN PNEU DOUBLE EFFET 130 reparé,PDR
Parahuile 25x37x07,PDR
COUDE FF INOX  26-34,PDR
BUSE A JET PLAT 686.406.16. CA.001-90°-1/8 ASP PM3,PDR
BANDE ABRASSIF LG 3M P240,PDR
GARNITURE 200X180X14,PDR
ROND INOX DN 340,PDR
ROULEMENT 30209,PDR
MODULE TEST LAMPE 36649,PDR
epaisseur (caliper),MP
krofta polymer ratio,MP
RELAIS LRD 3363 63 À 80 A,PDR
agent de collage akd,MP
BALAIS A CHARBONS E43 34056 1,PDR
grammage cible,MP
CONE  et  CUVETTE 30309/92H50,PDR
demande chimique en oxygène (dco),MP
pâte kraft blanchie de résineux (nbsk),MP
FIN DE COURSE 3 SEI 202-0,PDR
pulp ratio,MP
CARTE WEG UPSSW7000K3006 POWER UNIT,PDR
dispersant synthétique,MP
CONDENSATEUR 35 UF  250V AC,PDR
ACCOUPLEMENT T3000,PDR
SPIRALE REXEL BLAN 14MM,PDR
defoamer 1 (afranil),MP
ELECTROVANNE PILOTE 3/2 24VDC,PDR
krofta polymer ratio,MP
azurant optique (oba),MP
CHAMBRE A AIR 815X15,PDR
RESSORT 40/10X33X170,PDR
bentonite,MP
conductivité,MP
Presse HC-HOSE 4-501440,PDR
anti-mousse silicone,MP
VANNE PAPILLON DN:65 C FONTE,PDR
ROULEMENT 6207 ZZ/C3,PDR
FILTRE SECHEUR CF0198NB,PDR
soude caustique (naoh),MP
opacité,MP
PARAHUILE  50X75X12,PDR
LAMPE LED GU10 4W BLANCHE 4000,PDR
retention aids ratio,MP
copes de bois,MP
conductivité,MP
grammage cible,MP
ROULEMENT NU 2326 ECMA,PDR
grammage cible,MP
BOUCHON CHROMEE 1/8,PDR
Relais carte Phoenix 2961105,PDR
Bobine taille cm 22 4w230 v a,PDR
DISQUE BETON ARME DN 450,PDR
RACCORD UNION VENYLE 10X10,PDR
BUTE A BILLE DOUBLE EFFET 52205,PDR
SOLT COVER D201351,PDR
JEU DE GARNITURE Ø 40 M 548/00 VERIN MARTONAIR,PDR
kaolin calciné,MP
potentiel zeta,MP
ROULEMENT QJ 217 MA,PDR
ROND EN FONTE DN 360 LONG 150MM,PDR
"RENIFLARD 1""1/4-11 FILET PAR POUCE",PDR
sulfate d'aluminium (alun),MP
VIS DE PRESSION 5X25,PDR
PALIER SY 508 M,PDR
amidon natif de maïs,MP
Moteur Elec CA Vit_21 rpm_2 B3 usagé,PDR
CONE + CUVETTE  2475/2420,PDR
POMPE CEHA4102A050102 (REVISÉE),PDR
eau de dilution,MP
grammage cible,MP
BOBINE 220V REF:3/2 NF,PDR
température de séchage,MP
JOINT ISOLATION POUR LE BATI 3EME GROUPE SECHERIE,PDR
"PANIER POUR EPURATEUR SPN12 A TROUS 1,6 mm PM2",PDR
RELAIS LR9-F5371  132 À 220A,PDR
VIS TH GALVA  8X100,PDR
SELECTEUR DE SIGNAL BAS,PDR
agent de contrôle de la poix (talc),MP
amidon natif de maïs,MP
amidon natif de maïs,MP
"TUBE INOX 304L 4""",PDR
GEAR MOTOR ENSSEMBLY,PDR
pâte kraft blanchie de résineux (nbsk),MP
dispersant synthétique,MP
bentonite,MP
polymère de rétention cationique,MP
demande chimique en oxygène (dco),MP
câble pompe immergée modèle CTA 12*2.5/1-L10-255,PDR
SECTIONNEUR PORTE FUSIBLE AVEC CONTACT 32A 14X51,PDR
Cerceau Inox 304 EP10 pour filtre GS PM3 1830X1805,PDR
Projecteur led Philips 138w,PDR
DISQUE B.V TCM FD30 Z5 (TCM),PDR
Joint Clamp ISO DN40,PDR
colorant rouge acide,MP
CONTACTEUR COURANT CAPACITIF 40Kvar,PDR
COURROIE 10X1387  SPZ,PDR
pac,MP
POULIE 8G 400X22 AVEC MOYEU MOTEUR PULPEUR4,PDR
defoamer 1 (afranil),MP
SONDE THERMOSTATIQUE 70°C L90 REF: A11511974,PDR
VANNE A PAPILLON DN 100 A ACT PNEU A IND DE POS,PDR
TOLE SANDWITCH EP:50 LONG:8400MM,PDR
Mot Auto-ventilé 3kw 1LE1501-1CD23-4AB4-Z+F70,PDR
COURROIE 13X3283,PDR
indice d'éclatement (burst),MP
amidon natif de maïs,MP
JOUNT TORIQUE DN16X2,PDR
ROULEMENT 6324 /C3,PDR
ROULEMENT 7305 BEP,PDR
Moteur Elec CA Vit_05 rpm_2 B3 usagé,PDR
humidité finale,MP
FER PLAT INOX 50X3,PDR
FUSIBLE A COUTEAU T1 63A GG,PDR
FUSIBLE A COUTEAU T3  AR 700A,PDR
résine de résistance à l'état humide (pae),MP
VIS TETE FRAISE 8X60,PDR
ENCODER POUR DETECTEUR D'IMPULSION,PDR
starch cationic ratio,MP
defoamer 1 (afranil),MP
rugosité bendtsen,MP
size press,MP
demande chimique en oxygène (dco),MP
ROUE MOBILE DN 125,PDR
soude caustique (naoh),MP
sulfate d'aluminium (alun),MP
biocide non-oxydant,MP
ACOOUPLEMENT ELASTIQUE A160 POLYRETHANE,PDR
VIS INOX TETE CREUSE 6 PANS 10X70,PDR
"JEUX DE DISQUES RAFFINEUR BC  26""",PDR
MOYEU ARS 255-6,PDR
PIGNON CONIQUE ARBRE REDUCT.HYDRA PULPEUR,PDR
fongicide,MP
fiber ratio,MP
PALETTE  DE 90,PDR
pâte désencrée (dip),MP
KIT ANNEAU LA852418 DN 400,PDR
potentiel zeta,MP
microparticules de silice,MP
COURROIE 17X5000/5038 PM3_PPE A VIDE 4001,PDR
CONE  et  CUVETTE 854,PDR
humidité finale,MP
COURROIE 17X3658/3700,PDR
colorant jaune basique,MP
ROULEMENT 6018 ZZ,PDR
ECROU NOIR 8/8 20,PDR
conductivité,MP
COLLIER SERFLEX 110X130,PDR
ROULEMENT 2205 EKTN9,PDR
bentonite,MP
defoamer 2 (erol),MP
grammage cible,MP
defoamer 1 (afranil),MP
Vis TH acier 20X100,PDR
standard pulp ratio,MP
acide sulfurique,MP
VACUFOIL VF3-2  266X22X3  /7010241,PDR
SEALING KIT UGB 30 DN80,PDR
fiber ratio,MP
MANCHON H  313,PDR
DISTRIBUTEUR HYDRAULIQUE VICK,PDR
opacité,MP
Tresse Carré PTFE_Graphite 14X14 mm,PDR
COLLIER PLASTIC DE 500,PDR
ROULEMENT 6007 ZZ/C3,PDR
CLAPET ANTIRETOUR NORGRON T55C2800-S521 1/4,PDR
colorant bleu direct,MP
POCHETTE JOINTS MOTEUR OM30,PDR
indice de déchirement,MP
prestige cleaning aids ratio (prestige),MP
prestige cleaning aids ratio (prestige),MP
CHAMBRE À AIR 825X15,PDR
"Tube noir à souder 2""",PDR
biocide non-oxydant,MP
amidon oxydé,MP
TOLE INOX 3MX1.5MX1.5MM,PDR
pulp ratio,MP
biocide ratio,MP
ROULEMENT 2211 ETN9,PDR
Réfractomètre PCE 0 - 18 % Brix AMIDON,PDR
flocon pulp ratio,MP
pâte désencrée (dip),MP
ROULEMENT NKIS 30,PDR
BAGUE FRB 4/100,PDR
ECROU FREIN GALVA 8/8 M18,PDR
retention aids ratio,MP
blancheur iso,MP
soude caustique (naoh),MP
MANCHE EN BOIS POUR PIOCHE,PDR
ACCOUPLEMENT ARS TAILLE 300,PDR
Verin hydr d effet tendFeutre 1_2 presse pm3(rép),PDR
"Vanne à boulle sphérique à actionneur pneum 1""",PDR
POMPE MEC A4/100D,PDR
KIT LH647050 DN 50,PDR
RONDELLE FREIN MB 40,PDR
ROULEMENT 1309 ETN9,PDR
biocide non-oxydant,MP
MAITRE CYLINDRE HYSTER,PDR
CHEVILLE A boulons 8X50,PDR
VERIN PNEU DOUBLE EFFET 200 L.CH 245 reparé,PDR
porosité gurley,MP
"MANCHON INOX FF 1""",PDR
kaolin calciné,MP
ELEMENT PERIFLEX 225R,PDR
résine de résistance à sec,MP
humidité finale,MP
VIS INOX TETE FRAISE 6 PANS 16X25,PDR
humidité finale,MP
fongicide,MP
"FLEXIBLE LONG 800 DN 1"" EQUIPER DE RACCORD",PDR
FILTRE À AIR GA 541,PDR
ph de caisse de tête,MP
Bouchon reniflard hydraulique en Metal de 1’’,PDR
potentiel zeta,MP
rugosité bendtsen,MP
Moteur Elec CA Vit_05 rpm_3 B35 usagé,PDR
blancheur iso,MP
MAMELON GAL MM 33X42,PDR
résine de résistance à sec,MP
MANCHON H 3034/149,PDR
COURROIE 22X3912  (C154),PDR
FER PLAT 30X4 LG 6M,PDR
FIN DE COURSE 3SE2 100,PDR
demande chimique en oxygène (dco),MP
biocide oxydant,MP
agent de collage akd,MP
ROULEMENTCONE /NATR 17PP,PDR
"RACCORD UNION ACIER ZING DN 15A BAG 1/2""",PDR
ROND XC48 DN 400,PDR
ROULEMENT 2211 EKTN9,PDR
opacité,MP
porosité gurley,MP
concentration de la pâte (consistance),MP
ph de caisse de tête,MP
agent collage asa,MP
FER IPE 240 LONG 12M,PDR
COURROIE 13X1800,PDR
biocide ratio,MP
prestige cleaning aids ratio (prestige),MP
concentration de la pâte (consistance),MP
rugosité bendtsen,MP
KIT SERVICE 8000H CK8140-1,PDR
VIS TH INOX 20X90,PDR
ECROU ACIER 8,PDR
LISTON POUR TRIVAC 22X25X330,PDR
fiber ratio,MP
NECESSAIRE JOINT EDAS 100X75X22.4,PDR
azurant optique (oba),MP
DISQUE EMBRAYAGE 275 +BUTEE TRAC 275,PDR
SIRENE BS545 220V OLYMPIA,PDR
biocide non-oxydant,MP
COLLIER DE SERRAGE A TOURILLON DN 131-139,PDR
concentration de la pâte (consistance),MP
VIS INOX TETE CREUSE 6 PANS 16X50,PDR
retention aids ratio,MP
conductivité,MP
JOINT TSNA 524,PDR
anti-mousse silicone,MP
CHARGEUR CND 08-48-NmD REF:1011990,PDR
ROULEMENT 2206 2RS1,PDR
CONTACTEUR LC1 FG 44,PDR
RACCORD MALE 3/4 TETE DE CHAT,PDR
blancheur iso,MP
"Emboue Filtés Soudé Inox 2""1/2",PDR
colorant rouge acide,MP
REPERE CARACTÉRE H,PDR
COUDE INOX 304L DN:273X2,PDR
PRESSE ETOUPE PG16,PDR
agent de contrôle de la poix (talc),MP
indice d'éclatement (burst),MP
amidon oxydé,MP
JEUX DE PATINS ISUZU DMAX,PDR
Rond en bronze  DN:150X200 MM,PDR
eau de dilution,MP
POMPE MECA1/100AB,PDR
VIS TH INOX A2 14X90,PDR
carbonate de calcium (gcc),MP
azurant optique (oba),MP
CABLE SOUPLE 5X1.5MM,PDR
dispersant synthétique,MP
POMPE À EAU POUR TCM,PDR
DISQUE CARBURE 350X25,PDR
Moteur Elec CA Vit_06 rpm_4 B5 usagé,PDR
pression des presses,MP
bentonite,MP
biocide non-oxydant,MP
VENTILATEUR MOTEUR 112 V,PDR
VIS DE PRESSION 10X70,PDR
FEUILLARD 3X24X2,PDR
starch cationic ratio,MP
agent de contrôle de la poix (talc),MP
humidité finale,MP
dispersant synthétique,MP
vitesse machine,MP
amidon oxydé,MP
acide sulfurique,MP
pulp ratio,MP
ROULEMENT 6213/C3,PDR
pâte kraft blanchie de résineux (nbsk),MP
agent de collage colophane,MP
defoamer 2 (erol),MP
vitesse machine,MP
ROTOR 015-1L SS316L REF 199,PDR
GUIDE VALVE TYPE H,PDR
defoamer 2 (erol),MP
REGULATEUR WEST P6170  240V ENTRRE UNIVERSELLE,PDR
soude caustique (naoh),MP
ANTI VORTEX TYPE RBRR LA999514,PDR
CLAPET ANTIRETOUR EN BRONZE DN: 80,PDR
bentonite,MP
FILTRE GAZOIL CAT 3T CT14E18075,PDR
blancheur iso,MP
température de séchage,MP
pâte mécanique (tmp),MP
CLAPET ANTI RETOUR DN 15,PDR
MOYEU AMOVABLE 4040 ALESAGE 100(poulie pulpeur3),PDR
agent de collage akd,MP
ph de caisse de tête,MP
PARAHUILE  85X110X13,PDR
prestige cleaning aids ratio (prestige),MP
ROULEMENT 2215,PDR
BAGUE SPHERIQUE AMORT.13-1680 REP 25,PDR
pression des presses,MP
pâte recyclée (occ),MP
LAME CLENTECK K 1.5X75X3400MM,PDR
BALAI DE CHARBONS EG 319P 2X8X32X44,PDR
colorant jaune basique,MP
FLEXIBLE OCTOPUS DIAM.55/68X4,PDR
PARAHUILE  35X52X7,PDR
soude caustique (naoh),MP
JEU DE MACHOIR FORD,PDR
rugosité bendtsen,MP
COLLIER ATLAS DE 32,PDR
anti-mousse à base d'huile,MP
CAPTEUR OPTOELECTRONIQUE IFM OGE/OGS500,PDR
ECHANGEUR A PLAQUE HEX S610-7,PDR
CABLE SOUPLE 1X50  MM,PDR
soude caustique (naoh),MP
concentration de la pâte (consistance),MP
copes de bois,MP
dispersant synthétique,MP
carbonate de calcium (gcc),MP
CAPTEUR DE BORD ERHARDT+LEIMER (RÉPARÉ),PDR
anti-mousse à base d'huile,MP
potentiel zeta,MP
starch cationic ratio,MP
colorant rouge acide,MP
agent de contrôle de la poix (talc),MP
LAMPE ECONOMIQUE POUR SPOT 230V/11W,PDR
eau de dilution,MP
agent de contrôle de la poix (talc),MP
carbonate de calcium (gcc),MP
agent collage asa,MP
JOINT DE PALIER TSN 610 L,PDR
size press,MP
anti-mousse silicone,MP
REGLE SORTIE REF DES 13694-B ASP PM3,PDR
Plaque à borne moteur de type 60/95-8,PDR
VANNE PAPILLON INOX DN:50,PDR
FLEXIBLE RINCEUR PM2+Partie humide PM3 LG 1960MM,PDR
prestige cleaning aids ratio (prestige),MP
PARAHUILE  110X130X13,PDR
MANOMETRE GONFLAGE MICHELIN,PDR
CONDENSATEUR  8 MF,PDR
pression des presses,MP
Pompe doseuse 30L/h 10 bar,PDR
amidon oxydé,MP
pâte kraft blanchie de résineux (nbsk),MP
REPERE CARACTÉRE A,PDR
résine de résistance à l'état humide (pae),MP
Douille pour accouplement élastique DN320/Arbre100,PDR
sulfate d'aluminium (alun),MP
LAME PLUSTEK 9997 2X75X3440 PRESSE A SABOT,PDR
fongicide,MP
Préfiltre gasoil Heli/CHL 3T,PDR
fiber ratio,MP
DISJONCTEUR 1600A DEBROCHABLE SUR CHASSIS,PDR
eau de dilution,MP
pac,MP
ROND PLEIN EN FONTE DN160,PDR
Elastic joint en caoutchouc pour SPC18(krofta 18),PDR
waste paper ratio,MP
retention aids ratio,MP
COFFRET POLYESTER 300X250X155,PDR
ROULEMENT 22313EK,PDR
"DISJONCTEUR MOTEUR 0,2 À 0,4 A",PDR
prestige cleaning aids ratio (prestige),MP
porosité gurley,MP
size press,MP
potentiel zeta,MP
Pompe hyd VIKERS PVB 10 RSY 41C1202,PDR
blancheur iso,MP
biocide non-oxydant,MP
REPERE CARACTÉRE N,PDR
defoamer 1 (afranil),MP
porosité gurley,MP
acide sulfurique,MP
size press,MP
RESSORT REBOBINEUSE SARASA 8/10X6XC255,PDR
fiber ratio,MP
ROND XC48 DN 50,PDR
VIS TH INOX A2 14X40,PDR
"TUBE INOX 304L DN:406,4",PDR
defoamer 2 (erol),MP
ALIMENTATION 415/24VDC 1A 4AV2106-2AB,PDR
ATTACHE TRIPLE 25.4,PDR
agent de collage colophane,MP
azurant optique (oba),MP
DISTRIBUTEUR KRACHT SANS BOBINE,PDR
VANNE A GUILLOTINE FONTE DN 350,PDR
wet end,MP
BLOC SECOURS 40LM LED VARAT,PDR
"FLEXIBLE LONG 1000 DN 1""",PDR
PARAHUILE 101.6X127X12.7 NBR,PDR
azurant optique (oba),MP
UNITÉ D'ALIMENTATION DU TRANMETTERE NUMERIQUE,PDR
indice de déchirement,MP
VIS TH INOX  10X50,PDR
TOLE PERFORE INOX 304 1000X2000X6MM,PDR
TRANSMETTEU M44X1.25-1-2H+M 136891 STASTION GAW,PDR
BRIDE EN ALLUMINUIM Ø 350,PDR
ELECTROVANNE 2/2 NC 1/2 24 VDC PN10,PDR
indice d'éclatement (burst),MP
ROULEMENT NU 313 ECP/C3,PDR
fongicide,MP
BAGUE DE BLOKAGE  64X50X30,PDR
pâte désencrée (dip),MP
ROULEMENT 6215 ZZ,PDR
azurant optique (oba),MP
colorant bleu direct,MP
ECROU FREIN GALVA M20,PDR
Module thyristor 6RY1700-0AA10 (MCC44-14IO8B) [9,PDR
humidité finale,MP
Chargeur automatique AEES CN_D 402410,PDR
ROULEMENT 22214 CC/C3,PDR
porosité gurley,MP
pac,MP
VIS TH GALVA 18X90,PDR
carbonate de calcium (gcc),MP
PARHUILE U5X68X100,PDR
ROULEMENT 22210 CC/W33,PDR
pression des presses,MP
COUPELLE HYDRAULIQUE 200X230X19,PDR
BOBINE JOCOMTIC 24V AC REF 37905,PDR
VIS TETE CREUSE 6 PANS NOIR 12X70,PDR
vitesse machine,MP
PARAHUILE  93X115X12,PDR
eau de dilution,MP
Reduction en laiton MF 1/2 - 1/4,PDR
ROULEMENT 6214 ZZ,PDR
BUTÉE 51204,PDR
VIS TH ACIER 14X70,PDR
NECESSAIRE MECANISME RELEVAGE TRACTEUR,PDR
FUSIBLE A COUTEAU T1 225A AR,PDR
FILTRE DE LIGNE HYDAC FLND 160 DDE A1.2/-B7 25BAR,PDR
CYLINDRE CLUPACK,PDR
PARAHUILE  110X135X12,PDR
POTENSIOMETRE POSITION ACCELERATEUR 4.5T,PDR
soude caustique (naoh),MP
ELE. FIL.  PC 61394 T. A GAZ /HC8900FKP16Z,PDR
biocide ratio,MP
COURROIE 22X3000,PDR
demande chimique en oxygène (dco),MP
SERVO MOTEUR TYPE: MRB REF:MRBU 513124,PDR
ROULEMENT A BILLE 618/800M 3000894(MANCHON NAOS)PS,PDR
rugosité bendtsen,MP
"DISQUE ROTATIF POUR RAF. 22""",PDR
SELFE POUR T-N 40W,PDR
carbonate de calcium (gcc),MP
FILTRE Y DN6 PN16 1/4,PDR
agent de collage akd,MP
LAMELLE TAILLE   92 AVEC BOULONS,PDR
pression des presses,MP
carbonate de calcium (gcc),MP
"COUDE GR 2""3/4 EN FONTE",PDR
flocon pulp ratio,MP
ELEMENT FILTRANT HYDAC 0165-R,PDR
TETE FIN DE COURSE ZCK E09,PDR
OPTIQUE D B9 (fnar),PDR
ROULEMENT 6410 /C3,PDR
grammage cible,MP
Mot Auto-ventilé 4kw 1LE1501-1DD23-4AB4-Z+F70+L22,PDR
Train avant complet du chariot élévateur CAT 3T,PDR
JOINT V RING V50 (523300050H),PDR
colorant jaune basique,MP
pâte désencrée (dip),MP
MOYAU ARS 270,PDR
ROND INOX DN20,PDR
"Buses rinceurs rotatif Sizer G1/8""type CAC001-80-1",PDR
retention aids ratio,MP
size press,MP
indice de déchirement,MP
JOINT TORIQUE 5.3X75.57,PDR
biocide ratio,MP
FLEXIBLE LG=3000MM (CENTRALE DHUILE PM3),PDR
CABLE RIGIDE 5X4mm,PDR
ROULEMENT 6203 ZZ/C3,PDR
MOYEU 3535 DN 70MM,PDR
pac,MP
demande chimique en oxygène (dco),MP
FUSIBLE A COUTEAU T00 40A AR,PDR
ROULEMENT 6218 ZZ,PDR
prestige cleaning aids ratio (prestige),MP
GARNITURE GRUNDFOS CR10 -2QQVGG DN 16,PDR
opacité,MP
TURBINE MEC-A3-50A,PDR
potentiel zeta,MP
TI OUVRABLE ENS A.G CYS 1500/5A 15VA CL:0.5LV ENTE,PDR
krofta polymer ratio,MP
ROULEMENT 2217 K,PDR
CONTACTEUR CA2 DN 1319 380V,PDR
eau de dilution,MP
pac,MP
kaolin calciné,MP
FUSIBLE STD D MAX,PDR
retention aids ratio,MP
Vanne guilo DN200 PN10+Act+Capt+électr+filtre,PDR
COUDE ACIER 42X30,PDR
"MANO Ø 80 DE 0 À 76 CMCHG 1/2"" DOS",PDR
Moteur Elec CA Vit_29 rpm_1 B3 usagé,PDR
fiber ratio,MP
PARAHUILE 110X140X14,PDR
colorant bleu direct,MP
VANNE PAPILLON DN:200 C FONTE,PDR
COURROIE 22X4163 C162(selectipurge),PDR
TE ACIER FORGE 22 AVEC RACC TOURNAT,PDR
pâte désencrée (dip),MP
kaolin calciné,MP
CAILLEBOTIS 2MX1M,PDR
size press,MP
JOINT TORIQUE 41276-185 7.6X1.,PDR
Moteur Elec CC Vit32rpm1 B3 usagé,PDR
amidon oxydé,MP
standard pulp ratio,MP
Moteur Elec CA Vit_16 rpm_4 B3,PDR
Coupling Accouplement SGZ150-400E,PDR
TUBE GORGE DN20,PDR
"CHAINE SIMPLE 38,10",PDR
blancheur iso,MP
COLLIER ATLAS DE 18,PDR
KIT LO1315005101 VANNE A GUILLOTINE DN 150,PDR
ACCOUPLEMENT A LAMELLE  LM55,PDR
defoamer 2 (erol),MP
Shaft arbre ISG40-125A,PDR
amidon oxydé,MP
PARAHUILE 140X160X13,PDR
agent de collage colophane,MP
VIS TH NOIR 8/8 24X200,PDR
VIS EN BRONZE T.F.  8X10,PDR
agent de collage akd,MP
ROULEMENT 22317 CC/W33,PDR
amidon oxydé,MP
RADIATEUR POUR CHARIOT ELEVATEUR CAT 3T,PDR
sulfate d'aluminium (alun),MP
COUDE PVC Ø 200 45°,PDR
potentiel zeta,MP
standard pulp ratio,MP
résine de résistance à sec,MP
defoamer 1 (afranil),MP
prestige cleaning aids ratio (prestige),MP
pâte désencrée (dip),MP
pulp ratio,MP
TOLE INOX 2000X1000X4MM,PDR
Push in fitting MR41-10-G1/4(90710001)QCS PM2/PM3,PDR
POSITIONNEUR ELECTRO PNEUMATQUE 4-20 MA 3-15 PSI,PDR
HUILE 75W80 POUR ISUZU,PDR
Arretoir porte coté conducteur,PDR
Coupling rod GA237 NM038..12B  955546 STATION GAW,PDR
POMPE DOSEUSE 9L/H  (RÉPARÉ),PDR
VIS TF BRONZE 10X25,PDR
agent de collage akd,MP
VERIN PENMA DOUBEL EFFET DN 150 PISTON M960-750,PDR
résine de résistance à sec,MP
agent de collage,MP
résine de résistance à l'état humide (pae),MP
ROULEMENT YET 210,PDR
RACCORD DROIT RAPIDE 1/8X8,PDR
BANDE NORTONR293 100X3480 P40,PDR
ROND PLEIN EN FONTE DN 350,PDR
POMPE MEC A3/65A,PDR
ROULEMENT 23124 CJ,PDR
TETE FIN DE COURSE ZC2JE70,PDR
DOUILLE A BILLES LBCT 50 2LS(S20T) clupack,PDR
ECROU KM4,PDR
pâte désencrée (dip),MP
colorant rouge acide,MP
COUDE BARGATAIRE  MF DN 75,PDR
grammage cible,MP
conductivité,MP
Métrix,PDR
encodeur Leine & Linde RSA 608,PDR
standard pulp ratio,MP
CONNECTEUR POUR PROFIBUS 6ES7972-0BA52-0XA0,PDR
TE PVC DN:50,PDR
azurant optique (oba),MP
ROBINET A SOUPAPE DN100 PN25,PDR
VANNE A GUILLOTINE DN200,PDR
VIS TH ACIER 12X90,PDR
"COUDE NOIR P/R MF 33X42    1"" 1/4",PDR
"FILTRE  A EAU 2"" 1/2",PDR
TUBE PVC DN120 LG 4M,PDR
BOBINE BOSCH 110À220V REF 7471023474,PDR
ROULEMENT NJ 2216 ECP/C3,PDR
FLAPS,PDR
VIS TH GALVA 8/8 20X80,PDR
FUSIBLE  22X58 80A  GI,PDR
COUDE  ACIER ZINGUÉ DN:14X14,PDR
agent de collage colophane,MP
TIGE DIRECTION ISUZU,PDR
BAGUE MATRICÉE 30X42X6 POUR POMPE PCM,PDR
CONTACTEUR LC1 D12008 48V-50HZ,PDR
"Chemise d'usure epurateur cyclonique 14 1/2""",PDR
ELECTOVANNE JOUCOMATIC 2/2 RACCORD 1/4,PDR
acide sulfurique,MP
Moteur Elec CC Vit12rpm3 B3 usagé,PDR
ALIMENTATION STABILISEE DC 5A 6EP1 333-3BA00,PDR
COURROIE 22X5353,PDR
soude caustique (naoh),MP
Clignotant pour SCANIA 410,PDR
polymère de rétention cationique,MP
pâte kraft blanchie de feuillus (bhkp),MP
CABLE SOUPLE 1X35 MM,PDR
DESSUS CAISSE 1EREP1 3520X63X30,PDR
DISJ MOTEUR GV2 ME10 4-6.3A,PDR
agent de collage akd,MP
potentiel zeta,MP
epaisseur (caliper),MP
pâte mécanique (tmp),MP
Connecteur rectangulaire male H-A 16SS,PDR
flexible DN10 LG 500 TBSP 3/8 et un adapteur 3/8,PDR
COUDE ACIER ZINGUÉ 16X3/8 MAL,PDR
anti-mousse à base d'huile,MP
FUSIBLE  10X38  8A  GL,PDR
ROULEMENT 23232 CC/C3/W33,PDR
agent de collage colophane,MP
ELEMENT FILTRE MICRONIQUE CF0036GB,PDR
rugosité bendtsen,MP
résine de résistance à sec,MP
ROTULE SA 25ES-2RS MALE F.24X2,PDR
porosité gurley,MP
COFFRET PLASTIQUE 600X400X200,PDR
ROULEMENT NA 3100,PDR
defoamer 2 (erol),MP
agent collage asa,MP
"VANNE DN: 40 POSI PNEU DE 0,2-1 B O/F/F",PDR
agent de collage akd,MP
BAGUE BOITE DE DIRECTION TRACTEUR 290,PDR
PALAN ELECT 3T12MT,PDR
RONDELLE EVENTAILLE 10,PDR
COUDE INOX DN 323 90°,PDR
COUDE GAL SOUDE DN 133X3,PDR
CHARIOT 1T,PDR
indice de déchirement,MP
Coude inox 304L DN:219.1x2,PDR
Elément de contact ZEN-L1121,PDR
sulfate d'aluminium (alun),MP
microparticules de silice,MP
fiber ratio,MP
concentration de la pâte (consistance),MP
COURROIE 32X5420,PDR
standard pulp ratio,MP
anti-mousse à base d'huile,MP
ph de caisse de tête,MP
VETTILATEUR 3 PHASE 6RY 1801-0AA02 6RA80,PDR
sulfate d'aluminium (alun),MP
flocon pulp ratio,MP
pâte kraft blanchie de résineux (nbsk),MP
Set of wearing parts  ACP 2901063320,PDR
rugosité bendtsen,MP
pâte recyclée (occ),MP
RACLEUR PW 32X40X5/7,PDR
standard pulp ratio,MP
"ROUE A CHAINE DOUBLE 12,7-57 DENTS",PDR
"COUDE NOIR À SOUDER 150X168,3",PDR
Flasque de roue ISUZU Dmax,PDR
VIS EN BRONZE T.F.  8X40,PDR
GOUJON,PDR
conductivité,MP
rugosité bendtsen,MP
Rotametre GEMU TYPE 867,PDR
Vanne a boule sphérique inox 33/42,PDR
FUSIBLE 5X20 3A,PDR
GARNITURE MECANIQUE DN 32 KROFTA 18,PDR
SOUPAPE ADM S4S CHARIOT N°3,PDR
pâte recyclée (occ),MP
KIT LO3330001301 VANNE A PELLE DN 300,PDR
potentiel zeta,MP
PRESSOSTAT DE 0 A 25 BAR,PDR
POULIE 2 GORGES DN 90X13mm,PDR
amidon natif de maïs,MP
Sectionneur GK1 EV 50A 14X51,PDR
VIS TH GALVA 14X70,PDR
Contacteur fin de course A-219,PDR
biocide ratio,MP
microparticules de silice,MP
VIS INOX TETE CREUSE 6 PANS 14X70,PDR
agent de collage akd,MP
RACLEUR RM 50X60/7/10,PDR
"JEUX DE DISQUES RAFFINEUR BC 26"" 3-4-6 mm laminé",PDR
epaisseur (caliper),MP
pulp ratio,MP
température de séchage,MP
colorant rouge acide,MP
VIS A TETE SIPON 18X20,PDR
dioxyde de titane (tio2),MP
RESSORT INOX POUR VANNE OUTOMAIQUE,PDR
Fer plat 50/5,PDR
carbonate de calcium (gcc),MP
PILE ROND LR44,PDR
kaolin calciné,MP
BUTÉE 53214,PDR
Régulateur pression IR2010-F02,PDR
vitesse machine,MP
"ELECTROVANNE MECAIR 1""1/2 EL8 110V",PDR
defoamer 1 (afranil),MP
FLEXIBLE LG 3200MM POUR DETAS,PDR
ECROU GALVANISE M5,PDR
BRIDE DN 133X200  SELON PLAN,PDR
ECROU GALVA  8,PDR
"CHAINE SIMPLE 15,875 (5/8"")",PDR
résine de résistance à l'état humide (pae),MP
